method,metric,delta,lambda,rho,sim,graph,selected_sensor,p_inf_selected,cand_mean_p_inf,cand_std_p_inf,rank_in_candidates,neigh_mean_p_inf,neigh_std_p_inf,true_state_t0,entropy_selected,entropy_cand_mean,entropy_neigh_mean,frontier_selected,frontier_rank,frontier_cand_mean
random,N/A,0.05,0.3,0.1,0,rrg,4,0.045454543,0.04545454,3.7252903e-09,1,0.045454543,0.0,0,3.0910428,3.091042995452881,3.0910428,0.0,1,0.0
random,N/A,0.05,0.3,0.2,0,rrg,128,0.045454543,0.045454543,0.0,1,0.045454543,0.0,0,3.0910428,3.0910425186157227,3.0910428,0.0,1,0.0
random,N/A,0.05,0.3,0.30000000000000004,0,rrg,3,0.045454543,0.04545454,3.7252903e-09,1,0.045454543,0.0,0,3.0910428,3.0910427570343018,3.0910428,0.0,1,0.0
random,N/A,0.05,0.3,0.4,0,rrg,5,0.045454543,0.04545454,3.7252903e-09,1,0.045454543,0.0,0,3.0910428,3.0910427570343018,3.0910428,0.0,1,0.0
random,N/A,0.05,0.3,0.5,0,rrg,2,0.045454543,0.045454536,7.450581e-09,1,0.045454543,0.0,0,3.0910428,3.09104323387146,3.0910428,0.0,1,0.0
random,N/A,0.05,0.3,0.6000000000000001,0,rrg,0,0.045454543,0.045454543,0.0,1,0.045454543,0.0,0,3.0910428,3.0910425186157227,3.0910428,0.0,1,0.0
random,N/A,0.05,0.3,0.7000000000000001,0,rrg,2,0.045454543,0.04545454,3.7252903e-09,1,0.045454543,0.0,0,3.0910428,3.0910427570343018,3.0910428,0.0,1,0.0
random,N/A,0.05,0.3,0.8,0,rrg,0,0.045454543,0.04545454,3.7252903e-09,1,0.045454543,0.0,0,3.0910428,3.09104323387146,3.0910428,0.0,1,0.0
random,N/A,0.05,0.3,0.9,0,rrg,0,0.045454543,0.045454536,7.450581e-09,1,0.045454543,0.0,0,3.0910428,3.0910425186157227,3.0910428,0.0,1,0.0
random,N/A,0.05,0.3,1.0,0,rrg,0,0.045454543,,,1,0.045454543,0.0,0,3.0910428,,3.0910428,0.0,1,
random,N/A,0.1,0.3,0.1,0,rrg,131,0.045454543,0.04545454,3.7252903e-09,1,0.045454543,0.0,1,3.0910428,3.091042995452881,3.0910428,0.0,1,0.0
random,N/A,0.1,0.3,0.2,0,rrg,261,0.045454543,0.045454543,0.0,1,0.045454543,0.0,0,3.0910428,3.0910425186157227,3.0910428,0.0,1,0.0
random,N/A,0.1,0.3,0.30000000000000004,0,rrg,3,0.045454543,0.04545454,3.7252903e-09,1,0.045454543,0.0,0,3.0910428,3.0910427570343018,3.0910428,0.0,1,0.0
random,N/A,0.1,0.3,0.4,0,rrg,3,0.045454543,0.04545454,3.7252903e-09,1,0.045454543,0.0,0,3.0910428,3.0910427570343018,3.0910428,0.0,1,0.0
random,N/A,0.1,0.3,0.5,0,rrg,0,0.045454543,0.045454536,7.450581e-09,1,0.045454543,0.0,0,3.0910428,3.09104323387146,3.0910428,0.0,1,0.0
random,N/A,0.1,0.3,0.6000000000000001,0,rrg,1,0.045454543,0.045454543,0.0,1,0.045454543,0.0,0,3.0910428,3.0910425186157227,3.0910428,0.0,1,0.0
random,N/A,0.1,0.3,0.7000000000000001,0,rrg,0,0.045454543,0.04545454,3.7252903e-09,1,0.045454543,0.0,0,3.0910428,3.0910427570343018,3.0910428,0.0,1,0.0
random,N/A,0.1,0.3,0.8,0,rrg,0,0.045454543,0.04545454,3.7252903e-09,1,0.045454543,0.0,0,3.0910428,3.09104323387146,3.0910428,0.0,1,0.0
random,N/A,0.1,0.3,0.9,0,rrg,0,0.045454543,0.045454536,7.450581e-09,1,0.045454543,0.0,0,3.0910428,3.0910425186157227,3.0910428,0.0,1,0.0
random,N/A,0.1,0.3,1.0,0,rrg,0,0.045454543,,,1,0.045454543,0.0,0,3.0910428,,3.0910428,0.0,1,
random,N/A,0.2,0.3,0.1,0,rrg,256,0.045454543,0.04545454,3.7252903e-09,1,0.045454543,0.0,0,3.0910428,3.091042995452881,3.0910428,0.0,1,0.0
random,N/A,0.2,0.3,0.2,0,rrg,129,0.045454543,0.045454543,0.0,1,0.045454543,0.0,0,3.0910428,3.0910425186157227,3.0910428,0.0,1,0.0
random,N/A,0.2,0.3,0.30000000000000004,0,rrg,0,0.045454543,0.04545454,3.7252903e-09,1,0.045454543,0.0,1,3.0910428,3.0910427570343018,3.0910428,0.0,1,0.0
random,N/A,0.2,0.3,0.4,0,rrg,1,0.045454543,0.04545454,3.7252903e-09,1,0.045454543,0.0,0,3.0910428,3.0910427570343018,3.0910428,0.0,1,0.0
random,N/A,0.2,0.3,0.5,0,rrg,0,0.045454543,0.045454536,7.450581e-09,1,0.045454543,0.0,1,3.0910428,3.09104323387146,3.0910428,0.0,1,0.0
random,N/A,0.2,0.3,0.6000000000000001,0,rrg,1,0.045454543,0.045454543,0.0,1,0.045454543,0.0,0,3.0910428,3.0910425186157227,3.0910428,0.0,1,0.0
random,N/A,0.2,0.3,0.7000000000000001,0,rrg,1,0.045454543,0.04545454,3.7252903e-09,1,0.045454543,0.0,0,3.0910428,3.0910427570343018,3.0910428,0.0,1,0.0
random,N/A,0.2,0.3,0.8,0,rrg,0,0.045454543,0.04545454,3.7252903e-09,1,0.045454543,0.0,1,3.0910428,3.09104323387146,3.0910428,0.0,1,0.0
random,N/A,0.2,0.3,0.9,0,rrg,0,0.045454543,0.045454536,7.450581e-09,1,0.045454543,0.0,1,3.0910428,3.0910425186157227,3.0910428,0.0,1,0.0
random,N/A,0.2,0.3,1.0,0,rrg,0,0.045454543,,,1,0.045454543,0.0,1,3.0910428,,3.0910428,0.0,1,
random,N/A,0.05,0.3,0.1,1,rrg,129,0.045454543,0.04545454,3.7252903e-09,1,0.045454543,0.0,0,3.0910428,3.091042995452881,3.0910428,0.0,1,0.0
random,N/A,0.05,0.3,0.2,1,rrg,259,0.045454543,0.045454543,0.0,1,0.045454543,0.0,0,3.0910428,3.0910425186157227,3.0910428,0.0,1,0.0
random,N/A,0.05,0.3,0.30000000000000004,1,rrg,0,0.045454543,0.04545454,3.7252903e-09,1,0.045454543,0.0,0,3.0910428,3.0910427570343018,3.0910428,0.0,1,0.0
random,N/A,0.05,0.3,0.4,1,rrg,0,0.045454543,0.04545454,3.7252903e-09,1,0.045454543,0.0,0,3.0910428,3.0910427570343018,3.0910428,0.0,1,0.0
random,N/A,0.05,0.3,0.5,1,rrg,3,0.045454543,0.045454536,7.450581e-09,1,0.045454543,0.0,0,3.0910428,3.09104323387146,3.0910428,0.0,1,0.0
random,N/A,0.05,0.3,0.6000000000000001,1,rrg,0,0.045454543,0.045454543,0.0,1,0.045454543,0.0,0,3.0910428,3.0910425186157227,3.0910428,0.0,1,0.0
random,N/A,0.05,0.3,0.7000000000000001,1,rrg,1,0.045454543,0.04545454,3.7252903e-09,1,0.045454543,0.0,0,3.0910428,3.0910427570343018,3.0910428,0.0,1,0.0
random,N/A,0.05,0.3,0.8,1,rrg,0,0.045454543,0.04545454,3.7252903e-09,1,0.045454543,0.0,0,3.0910428,3.09104323387146,3.0910428,0.0,1,0.0
random,N/A,0.05,0.3,0.9,1,rrg,0,0.045454543,0.045454536,7.450581e-09,1,0.045454543,0.0,0,3.0910428,3.0910425186157227,3.0910428,0.0,1,0.0
random,N/A,0.05,0.3,1.0,1,rrg,0,0.045454543,,,1,0.045454543,0.0,0,3.0910428,,3.0910428,0.0,1,
random,N/A,0.1,0.3,0.1,1,rrg,259,0.045454543,0.04545454,3.7252903e-09,1,0.045454543,0.0,0,3.0910428,3.091042995452881,3.0910428,0.0,1,0.0
random,N/A,0.1,0.3,0.2,1,rrg,0,0.045454543,0.045454543,0.0,1,0.045454543,0.0,0,3.0910428,3.0910425186157227,3.0910428,0.0,1,0.0
random,N/A,0.1,0.3,0.30000000000000004,1,rrg,2,0.045454543,0.04545454,3.7252903e-09,1,0.045454543,0.0,0,3.0910428,3.0910427570343018,3.0910428,0.0,1,0.0
random,N/A,0.1,0.3,0.4,1,rrg,0,0.045454543,0.04545454,3.7252903e-09,1,0.045454543,0.0,0,3.0910428,3.0910427570343018,3.0910428,0.0,1,0.0
random,N/A,0.1,0.3,0.5,1,rrg,3,0.045454543,0.045454536,7.450581e-09,1,0.045454543,0.0,0,3.0910428,3.09104323387146,3.0910428,0.0,1,0.0
random,N/A,0.1,0.3,0.6000000000000001,1,rrg,0,0.045454543,0.045454543,0.0,1,0.045454543,0.0,0,3.0910428,3.0910425186157227,3.0910428,0.0,1,0.0
random,N/A,0.1,0.3,0.7000000000000001,1,rrg,1,0.045454543,0.04545454,3.7252903e-09,1,0.045454543,0.0,0,3.0910428,3.0910427570343018,3.0910428,0.0,1,0.0
random,N/A,0.1,0.3,0.8,1,rrg,0,0.045454543,0.04545454,3.7252903e-09,1,0.045454543,0.0,0,3.0910428,3.09104323387146,3.0910428,0.0,1,0.0
random,N/A,0.1,0.3,0.9,1,rrg,1,0.045454543,0.045454536,7.450581e-09,1,0.045454543,0.0,0,3.0910428,3.0910425186157227,3.0910428,0.0,1,0.0
random,N/A,0.1,0.3,1.0,1,rrg,0,0.045454543,,,1,0.045454543,0.0,0,3.0910428,,3.0910428,0.0,1,
random,N/A,0.2,0.3,0.1,1,rrg,1,0.045454543,0.04545454,3.7252903e-09,1,0.045454543,0.0,1,3.0910428,3.091042995452881,3.0910428,0.0,1,0.0
random,N/A,0.2,0.3,0.2,1,rrg,256,0.045454543,0.045454543,0.0,1,0.045454543,0.0,0,3.0910428,3.0910425186157227,3.0910428,0.0,1,0.0
random,N/A,0.2,0.3,0.30000000000000004,1,rrg,4,0.045454543,0.04545454,3.7252903e-09,1,0.045454543,0.0,0,3.0910428,3.0910427570343018,3.0910428,0.0,1,0.0
random,N/A,0.2,0.3,0.4,1,rrg,0,0.045454543,0.04545454,3.7252903e-09,1,0.045454543,0.0,0,3.0910428,3.0910427570343018,3.0910428,0.0,1,0.0
random,N/A,0.2,0.3,0.5,1,rrg,2,0.045454543,0.045454536,7.450581e-09,1,0.045454543,0.0,1,3.0910428,3.09104323387146,3.0910428,0.0,1,0.0
random,N/A,0.2,0.3,0.6000000000000001,1,rrg,0,0.045454543,0.045454543,0.0,1,0.045454543,0.0,0,3.0910428,3.0910425186157227,3.0910428,0.0,1,0.0
random,N/A,0.2,0.3,0.7000000000000001,1,rrg,1,0.045454543,0.04545454,3.7252903e-09,1,0.045454543,0.0,1,3.0910428,3.0910427570343018,3.0910428,0.0,1,0.0
random,N/A,0.2,0.3,0.8,1,rrg,1,0.045454543,0.04545454,3.7252903e-09,1,0.045454543,0.0,1,3.0910428,3.09104323387146,3.0910428,0.0,1,0.0
random,N/A,0.2,0.3,0.9,1,rrg,0,0.045454543,0.045454536,7.450581e-09,1,0.045454543,0.0,0,3.0910428,3.0910425186157227,3.0910428,0.0,1,0.0
random,N/A,0.2,0.3,1.0,1,rrg,0,0.045454543,,,1,0.045454543,0.0,0,3.0910428,,3.0910428,0.0,1,
random,N/A,0.05,0.3,0.1,2,rrg,258,0.045454543,0.04545454,3.7252903e-09,1,0.045454543,0.0,0,3.0910428,3.091042995452881,3.0910428,0.0,1,0.0
random,N/A,0.05,0.3,0.2,2,rrg,9,0.045454543,0.045454543,0.0,1,0.045454543,0.0,0,3.0910428,3.0910425186157227,3.0910428,0.0,1,0.0
random,N/A,0.05,0.3,0.30000000000000004,2,rrg,0,0.045454543,0.04545454,3.7252903e-09,1,0.045454543,0.0,0,3.0910428,3.0910427570343018,3.0910428,0.0,1,0.0
random,N/A,0.05,0.3,0.4,2,rrg,1,0.045454543,0.04545454,3.7252903e-09,1,0.045454543,0.0,0,3.0910428,3.0910427570343018,3.0910428,0.0,1,0.0
random,N/A,0.05,0.3,0.5,2,rrg,0,0.045454543,0.045454536,7.450581e-09,1,0.045454543,0.0,0,3.0910428,3.09104323387146,3.0910428,0.0,1,0.0
random,N/A,0.05,0.3,0.6000000000000001,2,rrg,0,0.045454543,0.045454543,0.0,1,0.045454543,0.0,0,3.0910428,3.0910425186157227,3.0910428,0.0,1,0.0
random,N/A,0.05,0.3,0.7000000000000001,2,rrg,1,0.045454543,0.04545454,3.7252903e-09,1,0.045454543,0.0,0,3.0910428,3.0910427570343018,3.0910428,0.0,1,0.0
random,N/A,0.05,0.3,0.8,2,rrg,0,0.045454543,0.04545454,3.7252903e-09,1,0.045454543,0.0,0,3.0910428,3.09104323387146,3.0910428,0.0,1,0.0
random,N/A,0.05,0.3,0.9,2,rrg,0,0.045454543,0.045454536,7.450581e-09,1,0.045454543,0.0,0,3.0910428,3.0910425186157227,3.0910428,0.0,1,0.0
random,N/A,0.05,0.3,1.0,2,rrg,0,0.045454543,,,1,0.045454543,0.0,0,3.0910428,,3.0910428,0.0,1,
random,N/A,0.1,0.3,0.1,2,rrg,135,0.045454543,0.04545454,3.7252903e-09,1,0.045454543,0.0,0,3.0910428,3.091042995452881,3.0910428,0.0,1,0.0
random,N/A,0.1,0.3,0.2,2,rrg,1,0.045454543,0.045454543,0.0,1,0.045454543,0.0,0,3.0910428,3.0910425186157227,3.0910428,0.0,1,0.0
random,N/A,0.1,0.3,0.30000000000000004,2,rrg,2,0.045454543,0.04545454,3.7252903e-09,1,0.045454543,0.0,0,3.0910428,3.0910427570343018,3.0910428,0.0,1,0.0
random,N/A,0.1,0.3,0.4,2,rrg,0,0.045454543,0.04545454,3.7252903e-09,1,0.045454543,0.0,0,3.0910428,3.0910427570343018,3.0910428,0.0,1,0.0
random,N/A,0.1,0.3,0.5,2,rrg,1,0.045454543,0.045454536,7.450581e-09,1,0.045454543,0.0,0,3.0910428,3.09104323387146,3.0910428,0.0,1,0.0
random,N/A,0.1,0.3,0.6000000000000001,2,rrg,0,0.045454543,0.045454543,0.0,1,0.045454543,0.0,0,3.0910428,3.0910425186157227,3.0910428,0.0,1,0.0
random,N/A,0.1,0.3,0.7000000000000001,2,rrg,3,0.045454543,0.04545454,3.7252903e-09,1,0.045454543,0.0,0,3.0910428,3.0910427570343018,3.0910428,0.0,1,0.0
random,N/A,0.1,0.3,0.8,2,rrg,0,0.045454543,0.04545454,3.7252903e-09,1,0.045454543,0.0,0,3.0910428,3.09104323387146,3.0910428,0.0,1,0.0
random,N/A,0.1,0.3,0.9,2,rrg,0,0.045454543,0.045454536,7.450581e-09,1,0.045454543,0.0,0,3.0910428,3.0910425186157227,3.0910428,0.0,1,0.0
random,N/A,0.1,0.3,1.0,2,rrg,0,0.045454543,,,1,0.045454543,0.0,0,3.0910428,,3.0910428,0.0,1,
random,N/A,0.2,0.3,0.1,2,rrg,2,0.045454543,0.04545454,3.7252903e-09,1,0.045454543,0.0,0,3.0910428,3.091042995452881,3.0910428,0.0,1,0.0
random,N/A,0.2,0.3,0.2,2,rrg,1,0.045454543,0.045454543,0.0,1,0.045454543,0.0,0,3.0910428,3.0910425186157227,3.0910428,0.0,1,0.0
random,N/A,0.2,0.3,0.30000000000000004,2,rrg,2,0.045454543,0.04545454,3.7252903e-09,1,0.045454543,0.0,0,3.0910428,3.0910427570343018,3.0910428,0.0,1,0.0
random,N/A,0.2,0.3,0.4,2,rrg,3,0.045454543,0.04545454,3.7252903e-09,1,0.045454543,0.0,1,3.0910428,3.0910427570343018,3.0910428,0.0,1,0.0
random,N/A,0.2,0.3,0.5,2,rrg,0,0.045454543,0.045454536,7.450581e-09,1,0.045454543,0.0,0,3.0910428,3.09104323387146,3.0910428,0.0,1,0.0
random,N/A,0.2,0.3,0.6000000000000001,2,rrg,1,0.045454543,0.045454543,0.0,1,0.045454543,0.0,0,3.0910428,3.0910425186157227,3.0910428,0.0,1,0.0
random,N/A,0.2,0.3,0.7000000000000001,2,rrg,0,0.045454543,0.04545454,3.7252903e-09,1,0.045454543,0.0,0,3.0910428,3.0910427570343018,3.0910428,0.0,1,0.0
random,N/A,0.2,0.3,0.8,2,rrg,0,0.045454543,0.04545454,3.7252903e-09,1,0.045454543,0.0,0,3.0910428,3.09104323387146,3.0910428,0.0,1,0.0
random,N/A,0.2,0.3,0.9,2,rrg,0,0.045454543,0.045454536,7.450581e-09,1,0.045454543,0.0,0,3.0910428,3.0910425186157227,3.0910428,0.0,1,0.0
random,N/A,0.2,0.3,1.0,2,rrg,0,0.045454543,,,1,0.045454543,0.0,0,3.0910428,,3.0910428,0.0,1,
random,N/A,0.05,0.3,0.1,3,rrg,257,0.045454543,0.04545454,3.7252903e-09,1,0.045454543,0.0,0,3.0910428,3.091042995452881,3.0910428,0.0,1,0.0
random,N/A,0.05,0.3,0.2,3,rrg,0,0.045454543,0.045454543,0.0,1,0.045454543,0.0,0,3.0910428,3.0910425186157227,3.0910428,0.0,1,0.0
random,N/A,0.05,0.3,0.30000000000000004,3,rrg,1,0.045454543,0.04545454,3.7252903e-09,1,0.045454543,0.0,0,3.0910428,3.0910427570343018,3.0910428,0.0,1,0.0
random,N/A,0.05,0.3,0.4,3,rrg,0,0.045454543,0.04545454,3.7252903e-09,1,0.045454543,0.0,0,3.0910428,3.0910427570343018,3.0910428,0.0,1,0.0
random,N/A,0.05,0.3,0.5,3,rrg,1,0.045454543,0.045454536,7.450581e-09,1,0.045454543,0.0,0,3.0910428,3.09104323387146,3.0910428,0.0,1,0.0
random,N/A,0.05,0.3,0.6000000000000001,3,rrg,0,0.045454543,0.045454543,0.0,1,0.045454543,0.0,0,3.0910428,3.0910425186157227,3.0910428,0.0,1,0.0
random,N/A,0.05,0.3,0.7000000000000001,3,rrg,0,0.045454543,0.04545454,3.7252903e-09,1,0.045454543,0.0,0,3.0910428,3.0910427570343018,3.0910428,0.0,1,0.0
random,N/A,0.05,0.3,0.8,3,rrg,0,0.045454543,0.04545454,3.7252903e-09,1,0.045454543,0.0,0,3.0910428,3.09104323387146,3.0910428,0.0,1,0.0
random,N/A,0.05,0.3,0.9,3,rrg,1,0.045454543,0.045454536,7.450581e-09,1,0.045454543,0.0,0,3.0910428,3.0910425186157227,3.0910428,0.0,1,0.0
random,N/A,0.05,0.3,1.0,3,rrg,0,0.045454543,,,1,0.045454543,0.0,0,3.0910428,,3.0910428,0.0,1,
random,N/A,0.1,0.3,0.1,3,rrg,132,0.045454543,0.04545454,3.7252903e-09,1,0.045454543,0.0,0,3.0910428,3.091042995452881,3.0910428,0.0,1,0.0
random,N/A,0.1,0.3,0.2,3,rrg,3,0.045454543,0.045454543,0.0,1,0.045454543,0.0,0,3.0910428,3.0910425186157227,3.0910428,0.0,1,0.0
random,N/A,0.1,0.3,0.30000000000000004,3,rrg,4,0.045454543,0.04545454,3.7252903e-09,1,0.045454543,0.0,0,3.0910428,3.0910427570343018,3.0910428,0.0,1,0.0
random,N/A,0.1,0.3,0.4,3,rrg,1,0.045454543,0.04545454,3.7252903e-09,1,0.045454543,0.0,0,3.0910428,3.0910427570343018,3.0910428,0.0,1,0.0
random,N/A,0.1,0.3,0.5,3,rrg,2,0.045454543,0.045454536,7.450581e-09,1,0.045454543,0.0,0,3.0910428,3.09104323387146,3.0910428,0.0,1,0.0
random,N/A,0.1,0.3,0.6000000000000001,3,rrg,0,0.045454543,0.045454543,0.0,1,0.045454543,0.0,1,3.0910428,3.0910425186157227,3.0910428,0.0,1,0.0
random,N/A,0.1,0.3,0.7000000000000001,3,rrg,0,0.045454543,0.04545454,3.7252903e-09,1,0.045454543,0.0,1,3.0910428,3.0910427570343018,3.0910428,0.0,1,0.0
random,N/A,0.1,0.3,0.8,3,rrg,0,0.045454543,0.04545454,3.7252903e-09,1,0.045454543,0.0,1,3.0910428,3.09104323387146,3.0910428,0.0,1,0.0
random,N/A,0.1,0.3,0.9,3,rrg,0,0.045454543,0.045454536,7.450581e-09,1,0.045454543,0.0,1,3.0910428,3.0910425186157227,3.0910428,0.0,1,0.0
random,N/A,0.1,0.3,1.0,3,rrg,0,0.045454543,,,1,0.045454543,0.0,1,3.0910428,,3.0910428,0.0,1,
random,N/A,0.2,0.3,0.1,3,rrg,130,0.045454543,0.04545454,3.7252903e-09,1,0.045454543,0.0,0,3.0910428,3.091042995452881,3.0910428,0.0,1,0.0
random,N/A,0.2,0.3,0.2,3,rrg,256,0.045454543,0.045454543,0.0,1,0.045454543,0.0,0,3.0910428,3.0910425186157227,3.0910428,0.0,1,0.0
random,N/A,0.2,0.3,0.30000000000000004,3,rrg,1,0.045454543,0.04545454,3.7252903e-09,1,0.045454543,0.0,0,3.0910428,3.0910427570343018,3.0910428,0.0,1,0.0
random,N/A,0.2,0.3,0.4,3,rrg,2,0.045454543,0.04545454,3.7252903e-09,1,0.045454543,0.0,1,3.0910428,3.0910427570343018,3.0910428,0.0,1,0.0
random,N/A,0.2,0.3,0.5,3,rrg,0,0.045454543,0.045454536,7.450581e-09,1,0.045454543,0.0,1,3.0910428,3.09104323387146,3.0910428,0.0,1,0.0
random,N/A,0.2,0.3,0.6000000000000001,3,rrg,0,0.045454543,0.045454543,0.0,1,0.045454543,0.0,1,3.0910428,3.0910425186157227,3.0910428,0.0,1,0.0
random,N/A,0.2,0.3,0.7000000000000001,3,rrg,0,0.045454543,0.04545454,3.7252903e-09,1,0.045454543,0.0,1,3.0910428,3.0910427570343018,3.0910428,0.0,1,0.0
random,N/A,0.2,0.3,0.8,3,rrg,0,0.045454543,0.04545454,3.7252903e-09,1,0.045454543,0.0,1,3.0910428,3.09104323387146,3.0910428,0.0,1,0.0
random,N/A,0.2,0.3,0.9,3,rrg,0,0.045454543,0.045454536,7.450581e-09,1,0.045454543,0.0,1,3.0910428,3.0910425186157227,3.0910428,0.0,1,0.0
random,N/A,0.2,0.3,1.0,3,rrg,0,0.045454543,,,1,0.045454543,0.0,1,3.0910428,,3.0910428,0.0,1,
random,N/A,0.05,0.3,0.1,4,rrg,0,0.045454543,0.04545454,3.7252903e-09,1,0.045454543,0.0,0,3.0910428,3.091042995452881,3.0910428,0.0,1,0.0
random,N/A,0.05,0.3,0.2,4,rrg,1,0.045454543,0.045454543,0.0,1,0.045454543,0.0,0,3.0910428,3.0910425186157227,3.0910428,0.0,1,0.0
random,N/A,0.05,0.3,0.30000000000000004,4,rrg,0,0.045454543,0.04545454,3.7252903e-09,1,0.045454543,0.0,0,3.0910428,3.0910427570343018,3.0910428,0.0,1,0.0
random,N/A,0.05,0.3,0.4,4,rrg,3,0.045454543,0.04545454,3.7252903e-09,1,0.045454543,0.0,1,3.0910428,3.0910427570343018,3.0910428,0.0,1,0.0
random,N/A,0.05,0.3,0.5,4,rrg,0,0.045454543,0.045454536,7.450581e-09,1,0.045454543,0.0,0,3.0910428,3.09104323387146,3.0910428,0.0,1,0.0
random,N/A,0.05,0.3,0.6000000000000001,4,rrg,0,0.045454543,0.045454543,0.0,1,0.045454543,0.0,0,3.0910428,3.0910425186157227,3.0910428,0.0,1,0.0
random,N/A,0.05,0.3,0.7000000000000001,4,rrg,0,0.045454543,0.04545454,3.7252903e-09,1,0.045454543,0.0,0,3.0910428,3.0910427570343018,3.0910428,0.0,1,0.0
random,N/A,0.05,0.3,0.8,4,rrg,2,0.045454543,0.04545454,3.7252903e-09,1,0.045454543,0.0,0,3.0910428,3.09104323387146,3.0910428,0.0,1,0.0
random,N/A,0.05,0.3,0.9,4,rrg,0,0.045454543,0.045454536,7.450581e-09,1,0.045454543,0.0,0,3.0910428,3.0910425186157227,3.0910428,0.0,1,0.0
random,N/A,0.05,0.3,1.0,4,rrg,0,0.045454543,,,1,0.045454543,0.0,0,3.0910428,,3.0910428,0.0,1,
random,N/A,0.1,0.3,0.1,4,rrg,2,0.045454543,0.04545454,3.7252903e-09,1,0.045454543,0.0,0,3.0910428,3.091042995452881,3.0910428,0.0,1,0.0
random,N/A,0.1,0.3,0.2,4,rrg,0,0.045454543,0.045454543,0.0,1,0.045454543,0.0,0,3.0910428,3.0910425186157227,3.0910428,0.0,1,0.0
random,N/A,0.1,0.3,0.30000000000000004,4,rrg,2,0.045454543,0.04545454,3.7252903e-09,1,0.045454543,0.0,0,3.0910428,3.0910427570343018,3.0910428,0.0,1,0.0
random,N/A,0.1,0.3,0.4,4,rrg,2,0.045454543,0.04545454,3.7252903e-09,1,0.045454543,0.0,0,3.0910428,3.0910427570343018,3.0910428,0.0,1,0.0
random,N/A,0.1,0.3,0.5,4,rrg,0,0.045454543,0.045454536,7.450581e-09,1,0.045454543,0.0,0,3.0910428,3.09104323387146,3.0910428,0.0,1,0.0
random,N/A,0.1,0.3,0.6000000000000001,4,rrg,0,0.045454543,0.045454543,0.0,1,0.045454543,0.0,0,3.0910428,3.0910425186157227,3.0910428,0.0,1,0.0
random,N/A,0.1,0.3,0.7000000000000001,4,rrg,0,0.045454543,0.04545454,3.7252903e-09,1,0.045454543,0.0,0,3.0910428,3.0910427570343018,3.0910428,0.0,1,0.0
random,N/A,0.1,0.3,0.8,4,rrg,0,0.045454543,0.04545454,3.7252903e-09,1,0.045454543,0.0,0,3.0910428,3.09104323387146,3.0910428,0.0,1,0.0
random,N/A,0.1,0.3,0.9,4,rrg,0,0.045454543,0.045454536,7.450581e-09,1,0.045454543,0.0,0,3.0910428,3.0910425186157227,3.0910428,0.0,1,0.0
random,N/A,0.1,0.3,1.0,4,rrg,0,0.045454543,,,1,0.045454543,0.0,0,3.0910428,,3.0910428,0.0,1,
random,N/A,0.2,0.3,0.1,4,rrg,130,0.045454543,0.04545454,3.7252903e-09,1,0.045454543,0.0,0,3.0910428,3.091042995452881,3.0910428,0.0,1,0.0
random,N/A,0.2,0.3,0.2,4,rrg,0,0.045454543,0.045454543,0.0,1,0.045454543,0.0,0,3.0910428,3.0910425186157227,3.0910428,0.0,1,0.0
random,N/A,0.2,0.3,0.30000000000000004,4,rrg,2,0.045454543,0.04545454,3.7252903e-09,1,0.045454543,0.0,1,3.0910428,3.0910427570343018,3.0910428,0.0,1,0.0
random,N/A,0.2,0.3,0.4,4,rrg,3,0.045454543,0.04545454,3.7252903e-09,1,0.045454543,0.0,0,3.0910428,3.0910427570343018,3.0910428,0.0,1,0.0
random,N/A,0.2,0.3,0.5,4,rrg,2,0.045454543,0.045454536,7.450581e-09,1,0.045454543,0.0,1,3.0910428,3.09104323387146,3.0910428,0.0,1,0.0
random,N/A,0.2,0.3,0.6000000000000001,4,rrg,0,0.045454543,0.045454543,0.0,1,0.045454543,0.0,0,3.0910428,3.0910425186157227,3.0910428,0.0,1,0.0
random,N/A,0.2,0.3,0.7000000000000001,4,rrg,0,0.045454543,0.04545454,3.7252903e-09,1,0.045454543,0.0,0,3.0910428,3.0910427570343018,3.0910428,0.0,1,0.0
random,N/A,0.2,0.3,0.8,4,rrg,0,0.045454543,0.04545454,3.7252903e-09,1,0.045454543,0.0,0,3.0910428,3.09104323387146,3.0910428,0.0,1,0.0
random,N/A,0.2,0.3,0.9,4,rrg,0,0.045454543,0.045454536,7.450581e-09,1,0.045454543,0.0,0,3.0910428,3.0910425186157227,3.0910428,0.0,1,0.0
random,N/A,0.2,0.3,1.0,4,rrg,0,0.045454543,,,1,0.045454543,0.0,0,3.0910428,,3.0910428,0.0,1,
random,N/A,0.05,0.3,0.1,5,rrg,257,0.045454543,0.04545454,3.7252903e-09,1,0.045454543,0.0,0,3.0910428,3.091042995452881,3.0910428,0.0,1,0.0
random,N/A,0.05,0.3,0.2,5,rrg,128,0.045454543,0.045454543,0.0,1,0.045454543,0.0,0,3.0910428,3.0910425186157227,3.0910428,0.0,1,0.0
random,N/A,0.05,0.3,0.30000000000000004,5,rrg,1,0.045454543,0.04545454,3.7252903e-09,1,0.045454543,0.0,0,3.0910428,3.0910427570343018,3.0910428,0.0,1,0.0
random,N/A,0.05,0.3,0.4,5,rrg,1,0.045454543,0.04545454,3.7252903e-09,1,0.045454543,0.0,0,3.0910428,3.0910427570343018,3.0910428,0.0,1,0.0
random,N/A,0.05,0.3,0.5,5,rrg,1,0.045454543,0.045454536,7.450581e-09,1,0.045454543,0.0,0,3.0910428,3.09104323387146,3.0910428,0.0,1,0.0
random,N/A,0.05,0.3,0.6000000000000001,5,rrg,0,0.045454543,0.045454543,0.0,1,0.045454543,0.0,0,3.0910428,3.0910425186157227,3.0910428,0.0,1,0.0
random,N/A,0.05,0.3,0.7000000000000001,5,rrg,0,0.045454543,0.04545454,3.7252903e-09,1,0.045454543,0.0,0,3.0910428,3.0910427570343018,3.0910428,0.0,1,0.0
random,N/A,0.05,0.3,0.8,5,rrg,0,0.045454543,0.04545454,3.7252903e-09,1,0.045454543,0.0,0,3.0910428,3.09104323387146,3.0910428,0.0,1,0.0
random,N/A,0.05,0.3,0.9,5,rrg,0,0.045454543,0.045454536,7.450581e-09,1,0.045454543,0.0,0,3.0910428,3.0910425186157227,3.0910428,0.0,1,0.0
random,N/A,0.05,0.3,1.0,5,rrg,0,0.045454543,,,1,0.045454543,0.0,0,3.0910428,,3.0910428,0.0,1,
random,N/A,0.1,0.3,0.1,5,rrg,133,0.045454543,0.04545454,3.7252903e-09,1,0.045454543,0.0,0,3.0910428,3.091042995452881,3.0910428,0.0,1,0.0
random,N/A,0.1,0.3,0.2,5,rrg,128,0.045454543,0.045454543,0.0,1,0.045454543,0.0,0,3.0910428,3.0910425186157227,3.0910428,0.0,1,0.0
random,N/A,0.1,0.3,0.30000000000000004,5,rrg,2,0.045454543,0.04545454,3.7252903e-09,1,0.045454543,0.0,0,3.0910428,3.0910427570343018,3.0910428,0.0,1,0.0
random,N/A,0.1,0.3,0.4,5,rrg,1,0.045454543,0.04545454,3.7252903e-09,1,0.045454543,0.0,0,3.0910428,3.0910427570343018,3.0910428,0.0,1,0.0
random,N/A,0.1,0.3,0.5,5,rrg,0,0.045454543,0.045454536,7.450581e-09,1,0.045454543,0.0,0,3.0910428,3.09104323387146,3.0910428,0.0,1,0.0
random,N/A,0.1,0.3,0.6000000000000001,5,rrg,2,0.045454543,0.045454543,0.0,1,0.045454543,0.0,0,3.0910428,3.0910425186157227,3.0910428,0.0,1,0.0
random,N/A,0.1,0.3,0.7000000000000001,5,rrg,1,0.045454543,0.04545454,3.7252903e-09,1,0.045454543,0.0,0,3.0910428,3.0910427570343018,3.0910428,0.0,1,0.0
random,N/A,0.1,0.3,0.8,5,rrg,0,0.045454543,0.04545454,3.7252903e-09,1,0.045454543,0.0,0,3.0910428,3.09104323387146,3.0910428,0.0,1,0.0
random,N/A,0.1,0.3,0.9,5,rrg,0,0.045454543,0.045454536,7.450581e-09,1,0.045454543,0.0,0,3.0910428,3.0910425186157227,3.0910428,0.0,1,0.0
random,N/A,0.1,0.3,1.0,5,rrg,0,0.045454543,,,1,0.045454543,0.0,0,3.0910428,,3.0910428,0.0,1,
random,N/A,0.2,0.3,0.1,5,rrg,2,0.045454543,0.04545454,3.7252903e-09,1,0.045454543,0.0,0,3.0910428,3.091042995452881,3.0910428,0.0,1,0.0
random,N/A,0.2,0.3,0.2,5,rrg,129,0.045454543,0.045454543,0.0,1,0.045454543,0.0,0,3.0910428,3.0910425186157227,3.0910428,0.0,1,0.0
random,N/A,0.2,0.3,0.30000000000000004,5,rrg,0,0.045454543,0.04545454,3.7252903e-09,1,0.045454543,0.0,0,3.0910428,3.0910427570343018,3.0910428,0.0,1,0.0
random,N/A,0.2,0.3,0.4,5,rrg,3,0.045454543,0.04545454,3.7252903e-09,1,0.045454543,0.0,1,3.0910428,3.0910427570343018,3.0910428,0.0,1,0.0
random,N/A,0.2,0.3,0.5,5,rrg,0,0.045454543,0.045454536,7.450581e-09,1,0.045454543,0.0,0,3.0910428,3.09104323387146,3.0910428,0.0,1,0.0
random,N/A,0.2,0.3,0.6000000000000001,5,rrg,1,0.045454543,0.045454543,0.0,1,0.045454543,0.0,0,3.0910428,3.0910425186157227,3.0910428,0.0,1,0.0
random,N/A,0.2,0.3,0.7000000000000001,5,rrg,1,0.045454543,0.04545454,3.7252903e-09,1,0.045454543,0.0,0,3.0910428,3.0910427570343018,3.0910428,0.0,1,0.0
random,N/A,0.2,0.3,0.8,5,rrg,0,0.045454543,0.04545454,3.7252903e-09,1,0.045454543,0.0,0,3.0910428,3.09104323387146,3.0910428,0.0,1,0.0
random,N/A,0.2,0.3,0.9,5,rrg,0,0.045454543,0.045454536,7.450581e-09,1,0.045454543,0.0,0,3.0910428,3.0910425186157227,3.0910428,0.0,1,0.0
random,N/A,0.2,0.3,1.0,5,rrg,0,0.045454543,,,1,0.045454543,0.0,0,3.0910428,,3.0910428,0.0,1,
random,N/A,0.05,0.3,0.1,6,rrg,259,0.045454543,0.04545454,3.7252903e-09,1,0.045454543,0.0,0,3.0910428,3.091042995452881,3.0910428,0.0,1,0.0
random,N/A,0.05,0.3,0.2,6,rrg,1,0.045454543,0.045454543,0.0,1,0.045454543,0.0,0,3.0910428,3.0910425186157227,3.0910428,0.0,1,0.0
random,N/A,0.05,0.3,0.30000000000000004,6,rrg,0,0.045454543,0.04545454,3.7252903e-09,1,0.045454543,0.0,0,3.0910428,3.0910427570343018,3.0910428,0.0,1,0.0
random,N/A,0.05,0.3,0.4,6,rrg,4,0.045454543,0.04545454,3.7252903e-09,1,0.045454543,0.0,0,3.0910428,3.0910427570343018,3.0910428,0.0,1,0.0
random,N/A,0.05,0.3,0.5,6,rrg,2,0.045454543,0.045454536,7.450581e-09,1,0.045454543,0.0,0,3.0910428,3.09104323387146,3.0910428,0.0,1,0.0
random,N/A,0.05,0.3,0.6000000000000001,6,rrg,2,0.045454543,0.045454543,0.0,1,0.045454543,0.0,0,3.0910428,3.0910425186157227,3.0910428,0.0,1,0.0
random,N/A,0.05,0.3,0.7000000000000001,6,rrg,0,0.045454543,0.04545454,3.7252903e-09,1,0.045454543,0.0,0,3.0910428,3.0910427570343018,3.0910428,0.0,1,0.0
random,N/A,0.05,0.3,0.8,6,rrg,0,0.045454543,0.04545454,3.7252903e-09,1,0.045454543,0.0,0,3.0910428,3.09104323387146,3.0910428,0.0,1,0.0
random,N/A,0.05,0.3,0.9,6,rrg,0,0.045454543,0.045454536,7.450581e-09,1,0.045454543,0.0,0,3.0910428,3.0910425186157227,3.0910428,0.0,1,0.0
random,N/A,0.05,0.3,1.0,6,rrg,0,0.045454543,,,1,0.045454543,0.0,0,3.0910428,,3.0910428,0.0,1,
random,N/A,0.1,0.3,0.1,6,rrg,257,0.045454543,0.04545454,3.7252903e-09,1,0.045454543,0.0,0,3.0910428,3.091042995452881,3.0910428,0.0,1,0.0
random,N/A,0.1,0.3,0.2,6,rrg,262,0.045454543,0.045454543,0.0,1,0.045454543,0.0,0,3.0910428,3.0910425186157227,3.0910428,0.0,1,0.0
random,N/A,0.1,0.3,0.30000000000000004,6,rrg,2,0.045454543,0.04545454,3.7252903e-09,1,0.045454543,0.0,0,3.0910428,3.0910427570343018,3.0910428,0.0,1,0.0
random,N/A,0.1,0.3,0.4,6,rrg,2,0.045454543,0.04545454,3.7252903e-09,1,0.045454543,0.0,0,3.0910428,3.0910427570343018,3.0910428,0.0,1,0.0
random,N/A,0.1,0.3,0.5,6,rrg,1,0.045454543,0.045454536,7.450581e-09,1,0.045454543,0.0,1,3.0910428,3.09104323387146,3.0910428,0.0,1,0.0
random,N/A,0.1,0.3,0.6000000000000001,6,rrg,3,0.045454543,0.045454543,0.0,1,0.045454543,0.0,0,3.0910428,3.0910425186157227,3.0910428,0.0,1,0.0
random,N/A,0.1,0.3,0.7000000000000001,6,rrg,1,0.045454543,0.04545454,3.7252903e-09,1,0.045454543,0.0,1,3.0910428,3.0910427570343018,3.0910428,0.0,1,0.0
random,N/A,0.1,0.3,0.8,6,rrg,0,0.045454543,0.04545454,3.7252903e-09,1,0.045454543,0.0,0,3.0910428,3.09104323387146,3.0910428,0.0,1,0.0
random,N/A,0.1,0.3,0.9,6,rrg,0,0.045454543,0.045454536,7.450581e-09,1,0.045454543,0.0,0,3.0910428,3.0910425186157227,3.0910428,0.0,1,0.0
random,N/A,0.1,0.3,1.0,6,rrg,0,0.045454543,,,1,0.045454543,0.0,0,3.0910428,,3.0910428,0.0,1,
random,N/A,0.2,0.3,0.1,6,rrg,132,0.045454543,0.04545454,3.7252903e-09,1,0.045454543,0.0,0,3.0910428,3.091042995452881,3.0910428,0.0,1,0.0
random,N/A,0.2,0.3,0.2,6,rrg,1,0.045454543,0.045454543,0.0,1,0.045454543,0.0,0,3.0910428,3.0910425186157227,3.0910428,0.0,1,0.0
random,N/A,0.2,0.3,0.30000000000000004,6,rrg,5,0.045454543,0.04545454,3.7252903e-09,1,0.045454543,0.0,1,3.0910428,3.0910427570343018,3.0910428,0.0,1,0.0
random,N/A,0.2,0.3,0.4,6,rrg,0,0.045454543,0.04545454,3.7252903e-09,1,0.045454543,0.0,0,3.0910428,3.0910427570343018,3.0910428,0.0,1,0.0
random,N/A,0.2,0.3,0.5,6,rrg,2,0.045454543,0.045454536,7.450581e-09,1,0.045454543,0.0,1,3.0910428,3.09104323387146,3.0910428,0.0,1,0.0
random,N/A,0.2,0.3,0.6000000000000001,6,rrg,0,0.045454543,0.045454543,0.0,1,0.045454543,0.0,0,3.0910428,3.0910425186157227,3.0910428,0.0,1,0.0
random,N/A,0.2,0.3,0.7000000000000001,6,rrg,0,0.045454543,0.04545454,3.7252903e-09,1,0.045454543,0.0,0,3.0910428,3.0910427570343018,3.0910428,0.0,1,0.0
random,N/A,0.2,0.3,0.8,6,rrg,0,0.045454543,0.04545454,3.7252903e-09,1,0.045454543,0.0,0,3.0910428,3.09104323387146,3.0910428,0.0,1,0.0
random,N/A,0.2,0.3,0.9,6,rrg,0,0.045454543,0.045454536,7.450581e-09,1,0.045454543,0.0,0,3.0910428,3.0910425186157227,3.0910428,0.0,1,0.0
random,N/A,0.2,0.3,1.0,6,rrg,0,0.045454543,,,1,0.045454543,0.0,0,3.0910428,,3.0910428,0.0,1,
random,N/A,0.05,0.3,0.1,7,rrg,5,0.045454543,0.04545454,3.7252903e-09,1,0.045454543,0.0,1,3.0910428,3.091042995452881,3.0910428,0.0,1,0.0
random,N/A,0.05,0.3,0.2,7,rrg,128,0.045454543,0.045454543,0.0,1,0.045454543,0.0,0,3.0910428,3.0910425186157227,3.0910428,0.0,1,0.0
random,N/A,0.05,0.3,0.30000000000000004,7,rrg,3,0.045454543,0.04545454,3.7252903e-09,1,0.045454543,0.0,0,3.0910428,3.0910427570343018,3.0910428,0.0,1,0.0
random,N/A,0.05,0.3,0.4,7,rrg,1,0.045454543,0.04545454,3.7252903e-09,1,0.045454543,0.0,0,3.0910428,3.0910427570343018,3.0910428,0.0,1,0.0
random,N/A,0.05,0.3,0.5,7,rrg,0,0.045454543,0.045454536,7.450581e-09,1,0.045454543,0.0,0,3.0910428,3.09104323387146,3.0910428,0.0,1,0.0
random,N/A,0.05,0.3,0.6000000000000001,7,rrg,3,0.045454543,0.045454543,0.0,1,0.045454543,0.0,0,3.0910428,3.0910425186157227,3.0910428,0.0,1,0.0
random,N/A,0.05,0.3,0.7000000000000001,7,rrg,1,0.045454543,0.04545454,3.7252903e-09,1,0.045454543,0.0,0,3.0910428,3.0910427570343018,3.0910428,0.0,1,0.0
random,N/A,0.05,0.3,0.8,7,rrg,0,0.045454543,0.04545454,3.7252903e-09,1,0.045454543,0.0,0,3.0910428,3.09104323387146,3.0910428,0.0,1,0.0
random,N/A,0.05,0.3,0.9,7,rrg,1,0.045454543,0.045454536,7.450581e-09,1,0.045454543,0.0,0,3.0910428,3.0910425186157227,3.0910428,0.0,1,0.0
random,N/A,0.05,0.3,1.0,7,rrg,0,0.045454543,,,1,0.045454543,0.0,0,3.0910428,,3.0910428,0.0,1,
random,N/A,0.1,0.3,0.1,7,rrg,256,0.045454543,0.04545454,3.7252903e-09,1,0.045454543,0.0,0,3.0910428,3.091042995452881,3.0910428,0.0,1,0.0
random,N/A,0.1,0.3,0.2,7,rrg,128,0.045454543,0.045454543,0.0,1,0.045454543,0.0,0,3.0910428,3.0910425186157227,3.0910428,0.0,1,0.0
random,N/A,0.1,0.3,0.30000000000000004,7,rrg,0,0.045454543,0.04545454,3.7252903e-09,1,0.045454543,0.0,0,3.0910428,3.0910427570343018,3.0910428,0.0,1,0.0
random,N/A,0.1,0.3,0.4,7,rrg,3,0.045454543,0.04545454,3.7252903e-09,1,0.045454543,0.0,0,3.0910428,3.0910427570343018,3.0910428,0.0,1,0.0
random,N/A,0.1,0.3,0.5,7,rrg,1,0.045454543,0.045454536,7.450581e-09,1,0.045454543,0.0,0,3.0910428,3.09104323387146,3.0910428,0.0,1,0.0
random,N/A,0.1,0.3,0.6000000000000001,7,rrg,1,0.045454543,0.045454543,0.0,1,0.045454543,0.0,0,3.0910428,3.0910425186157227,3.0910428,0.0,1,0.0
random,N/A,0.1,0.3,0.7000000000000001,7,rrg,0,0.045454543,0.04545454,3.7252903e-09,1,0.045454543,0.0,0,3.0910428,3.0910427570343018,3.0910428,0.0,1,0.0
random,N/A,0.1,0.3,0.8,7,rrg,1,0.045454543,0.04545454,3.7252903e-09,1,0.045454543,0.0,0,3.0910428,3.09104323387146,3.0910428,0.0,1,0.0
random,N/A,0.1,0.3,0.9,7,rrg,1,0.045454543,0.045454536,7.450581e-09,1,0.045454543,0.0,0,3.0910428,3.0910425186157227,3.0910428,0.0,1,0.0
random,N/A,0.1,0.3,1.0,7,rrg,0,0.045454543,,,1,0.045454543,0.0,0,3.0910428,,3.0910428,0.0,1,
random,N/A,0.2,0.3,0.1,7,rrg,258,0.045454543,0.04545454,3.7252903e-09,1,0.045454543,0.0,0,3.0910428,3.091042995452881,3.0910428,0.0,1,0.0
random,N/A,0.2,0.3,0.2,7,rrg,256,0.045454543,0.045454543,0.0,1,0.045454543,0.0,0,3.0910428,3.0910425186157227,3.0910428,0.0,1,0.0
random,N/A,0.2,0.3,0.30000000000000004,7,rrg,5,0.045454543,0.04545454,3.7252903e-09,1,0.045454543,0.0,1,3.0910428,3.0910427570343018,3.0910428,0.0,1,0.0
random,N/A,0.2,0.3,0.4,7,rrg,0,0.045454543,0.04545454,3.7252903e-09,1,0.045454543,0.0,0,3.0910428,3.0910427570343018,3.0910428,0.0,1,0.0
random,N/A,0.2,0.3,0.5,7,rrg,1,0.045454543,0.045454536,7.450581e-09,1,0.045454543,0.0,0,3.0910428,3.09104323387146,3.0910428,0.0,1,0.0
random,N/A,0.2,0.3,0.6000000000000001,7,rrg,0,0.045454543,0.045454543,0.0,1,0.045454543,0.0,0,3.0910428,3.0910425186157227,3.0910428,0.0,1,0.0
random,N/A,0.2,0.3,0.7000000000000001,7,rrg,1,0.045454543,0.04545454,3.7252903e-09,1,0.045454543,0.0,0,3.0910428,3.0910427570343018,3.0910428,0.0,1,0.0
random,N/A,0.2,0.3,0.8,7,rrg,0,0.045454543,0.04545454,3.7252903e-09,1,0.045454543,0.0,0,3.0910428,3.09104323387146,3.0910428,0.0,1,0.0
random,N/A,0.2,0.3,0.9,7,rrg,0,0.045454543,0.045454536,7.450581e-09,1,0.045454543,0.0,0,3.0910428,3.0910425186157227,3.0910428,0.0,1,0.0
random,N/A,0.2,0.3,1.0,7,rrg,0,0.045454543,,,1,0.045454543,0.0,0,3.0910428,,3.0910428,0.0,1,
random,N/A,0.05,0.3,0.1,8,rrg,4,0.045454543,0.04545454,3.7252903e-09,1,0.045454543,0.0,0,3.0910428,3.091042995452881,3.0910428,0.0,1,0.0
random,N/A,0.05,0.3,0.2,8,rrg,3,0.045454543,0.045454543,0.0,1,0.045454543,0.0,0,3.0910428,3.0910425186157227,3.0910428,0.0,1,0.0
random,N/A,0.05,0.3,0.30000000000000004,8,rrg,1,0.045454543,0.04545454,3.7252903e-09,1,0.045454543,0.0,0,3.0910428,3.0910427570343018,3.0910428,0.0,1,0.0
random,N/A,0.05,0.3,0.4,8,rrg,2,0.045454543,0.04545454,3.7252903e-09,1,0.045454543,0.0,0,3.0910428,3.0910427570343018,3.0910428,0.0,1,0.0
random,N/A,0.05,0.3,0.5,8,rrg,1,0.045454543,0.045454536,7.450581e-09,1,0.045454543,0.0,0,3.0910428,3.09104323387146,3.0910428,0.0,1,0.0
random,N/A,0.05,0.3,0.6000000000000001,8,rrg,0,0.045454543,0.045454543,0.0,1,0.045454543,0.0,1,3.0910428,3.0910425186157227,3.0910428,0.0,1,0.0
random,N/A,0.05,0.3,0.7000000000000001,8,rrg,0,0.045454543,0.04545454,3.7252903e-09,1,0.045454543,0.0,1,3.0910428,3.0910427570343018,3.0910428,0.0,1,0.0
random,N/A,0.05,0.3,0.8,8,rrg,0,0.045454543,0.04545454,3.7252903e-09,1,0.045454543,0.0,1,3.0910428,3.09104323387146,3.0910428,0.0,1,0.0
random,N/A,0.05,0.3,0.9,8,rrg,0,0.045454543,0.045454536,7.450581e-09,1,0.045454543,0.0,1,3.0910428,3.0910425186157227,3.0910428,0.0,1,0.0
random,N/A,0.05,0.3,1.0,8,rrg,0,0.045454543,,,1,0.045454543,0.0,1,3.0910428,,3.0910428,0.0,1,
random,N/A,0.1,0.3,0.1,8,rrg,261,0.045454543,0.04545454,3.7252903e-09,1,0.045454543,0.0,0,3.0910428,3.091042995452881,3.0910428,0.0,1,0.0
random,N/A,0.1,0.3,0.2,8,rrg,0,0.045454543,0.045454543,0.0,1,0.045454543,0.0,1,3.0910428,3.0910425186157227,3.0910428,0.0,1,0.0
random,N/A,0.1,0.3,0.30000000000000004,8,rrg,4,0.045454543,0.04545454,3.7252903e-09,1,0.045454543,0.0,0,3.0910428,3.0910427570343018,3.0910428,0.0,1,0.0
random,N/A,0.1,0.3,0.4,8,rrg,4,0.045454543,0.04545454,3.7252903e-09,1,0.045454543,0.0,0,3.0910428,3.0910427570343018,3.0910428,0.0,1,0.0
random,N/A,0.1,0.3,0.5,8,rrg,0,0.045454543,0.045454536,7.450581e-09,1,0.045454543,0.0,1,3.0910428,3.09104323387146,3.0910428,0.0,1,0.0
random,N/A,0.1,0.3,0.6000000000000001,8,rrg,0,0.045454543,0.045454543,0.0,1,0.045454543,0.0,1,3.0910428,3.0910425186157227,3.0910428,0.0,1,0.0
random,N/A,0.1,0.3,0.7000000000000001,8,rrg,0,0.045454543,0.04545454,3.7252903e-09,1,0.045454543,0.0,1,3.0910428,3.0910427570343018,3.0910428,0.0,1,0.0
random,N/A,0.1,0.3,0.8,8,rrg,2,0.045454543,0.04545454,3.7252903e-09,1,0.045454543,0.0,0,3.0910428,3.09104323387146,3.0910428,0.0,1,0.0
random,N/A,0.1,0.3,0.9,8,rrg,1,0.045454543,0.045454536,7.450581e-09,1,0.045454543,0.0,0,3.0910428,3.0910425186157227,3.0910428,0.0,1,0.0
random,N/A,0.1,0.3,1.0,8,rrg,0,0.045454543,,,1,0.045454543,0.0,1,3.0910428,,3.0910428,0.0,1,
random,N/A,0.2,0.3,0.1,8,rrg,7,0.045454543,0.04545454,3.7252903e-09,1,0.045454543,0.0,0,3.0910428,3.091042995452881,3.0910428,0.0,1,0.0
random,N/A,0.2,0.3,0.2,8,rrg,0,0.045454543,0.045454543,0.0,1,0.045454543,0.0,1,3.0910428,3.0910425186157227,3.0910428,0.0,1,0.0
random,N/A,0.2,0.3,0.30000000000000004,8,rrg,0,0.045454543,0.04545454,3.7252903e-09,1,0.045454543,0.0,1,3.0910428,3.0910427570343018,3.0910428,0.0,1,0.0
random,N/A,0.2,0.3,0.4,8,rrg,0,0.045454543,0.04545454,3.7252903e-09,1,0.045454543,0.0,1,3.0910428,3.0910427570343018,3.0910428,0.0,1,0.0
random,N/A,0.2,0.3,0.5,8,rrg,2,0.045454543,0.045454536,7.450581e-09,1,0.045454543,0.0,0,3.0910428,3.09104323387146,3.0910428,0.0,1,0.0
random,N/A,0.2,0.3,0.6000000000000001,8,rrg,2,0.045454543,0.045454543,0.0,1,0.045454543,0.0,0,3.0910428,3.0910425186157227,3.0910428,0.0,1,0.0
random,N/A,0.2,0.3,0.7000000000000001,8,rrg,1,0.045454543,0.04545454,3.7252903e-09,1,0.045454543,0.0,1,3.0910428,3.0910427570343018,3.0910428,0.0,1,0.0
random,N/A,0.2,0.3,0.8,8,rrg,1,0.045454543,0.04545454,3.7252903e-09,1,0.045454543,0.0,1,3.0910428,3.09104323387146,3.0910428,0.0,1,0.0
random,N/A,0.2,0.3,0.9,8,rrg,0,0.045454543,0.045454536,7.450581e-09,1,0.045454543,0.0,1,3.0910428,3.0910425186157227,3.0910428,0.0,1,0.0
random,N/A,0.2,0.3,1.0,8,rrg,0,0.045454543,,,1,0.045454543,0.0,1,3.0910428,,3.0910428,0.0,1,
random,N/A,0.05,0.3,0.1,9,rrg,133,0.045454543,0.04545454,3.7252903e-09,1,0.045454543,0.0,0,3.0910428,3.091042995452881,3.0910428,0.0,1,0.0
random,N/A,0.05,0.3,0.2,9,rrg,0,0.045454543,0.045454543,0.0,1,0.045454543,0.0,0,3.0910428,3.0910425186157227,3.0910428,0.0,1,0.0
random,N/A,0.05,0.3,0.30000000000000004,9,rrg,1,0.045454543,0.04545454,3.7252903e-09,1,0.045454543,0.0,0,3.0910428,3.0910427570343018,3.0910428,0.0,1,0.0
random,N/A,0.05,0.3,0.4,9,rrg,6,0.045454543,0.04545454,3.7252903e-09,1,0.045454543,0.0,0,3.0910428,3.0910427570343018,3.0910428,0.0,1,0.0
random,N/A,0.05,0.3,0.5,9,rrg,0,0.045454543,0.045454536,7.450581e-09,1,0.045454543,0.0,0,3.0910428,3.09104323387146,3.0910428,0.0,1,0.0
random,N/A,0.05,0.3,0.6000000000000001,9,rrg,0,0.045454543,0.045454543,0.0,1,0.045454543,0.0,0,3.0910428,3.0910425186157227,3.0910428,0.0,1,0.0
random,N/A,0.05,0.3,0.7000000000000001,9,rrg,0,0.045454543,0.04545454,3.7252903e-09,1,0.045454543,0.0,0,3.0910428,3.0910427570343018,3.0910428,0.0,1,0.0
random,N/A,0.05,0.3,0.8,9,rrg,0,0.045454543,0.04545454,3.7252903e-09,1,0.045454543,0.0,0,3.0910428,3.09104323387146,3.0910428,0.0,1,0.0
random,N/A,0.05,0.3,0.9,9,rrg,0,0.045454543,0.045454536,7.450581e-09,1,0.045454543,0.0,0,3.0910428,3.0910425186157227,3.0910428,0.0,1,0.0
random,N/A,0.05,0.3,1.0,9,rrg,0,0.045454543,,,1,0.045454543,0.0,0,3.0910428,,3.0910428,0.0,1,
random,N/A,0.1,0.3,0.1,9,rrg,128,0.045454543,0.04545454,3.7252903e-09,1,0.045454543,0.0,0,3.0910428,3.091042995452881,3.0910428,0.0,1,0.0
random,N/A,0.1,0.3,0.2,9,rrg,256,0.045454543,0.045454543,0.0,1,0.045454543,0.0,0,3.0910428,3.0910425186157227,3.0910428,0.0,1,0.0
random,N/A,0.1,0.3,0.30000000000000004,9,rrg,1,0.045454543,0.04545454,3.7252903e-09,1,0.045454543,0.0,0,3.0910428,3.0910427570343018,3.0910428,0.0,1,0.0
random,N/A,0.1,0.3,0.4,9,rrg,2,0.045454543,0.04545454,3.7252903e-09,1,0.045454543,0.0,0,3.0910428,3.0910427570343018,3.0910428,0.0,1,0.0
random,N/A,0.1,0.3,0.5,9,rrg,1,0.045454543,0.045454536,7.450581e-09,1,0.045454543,0.0,0,3.0910428,3.09104323387146,3.0910428,0.0,1,0.0
random,N/A,0.1,0.3,0.6000000000000001,9,rrg,0,0.045454543,0.045454543,0.0,1,0.045454543,0.0,0,3.0910428,3.0910425186157227,3.0910428,0.0,1,0.0
random,N/A,0.1,0.3,0.7000000000000001,9,rrg,0,0.045454543,0.04545454,3.7252903e-09,1,0.045454543,0.0,0,3.0910428,3.0910427570343018,3.0910428,0.0,1,0.0
random,N/A,0.1,0.3,0.8,9,rrg,0,0.045454543,0.04545454,3.7252903e-09,1,0.045454543,0.0,0,3.0910428,3.09104323387146,3.0910428,0.0,1,0.0
random,N/A,0.1,0.3,0.9,9,rrg,0,0.045454543,0.045454536,7.450581e-09,1,0.045454543,0.0,0,3.0910428,3.0910425186157227,3.0910428,0.0,1,0.0
random,N/A,0.1,0.3,1.0,9,rrg,0,0.045454543,,,1,0.045454543,0.0,0,3.0910428,,3.0910428,0.0,1,
random,N/A,0.2,0.3,0.1,9,rrg,1,0.045454543,0.04545454,3.7252903e-09,1,0.045454543,0.0,0,3.0910428,3.091042995452881,3.0910428,0.0,1,0.0
random,N/A,0.2,0.3,0.2,9,rrg,258,0.045454543,0.045454543,0.0,1,0.045454543,0.0,1,3.0910428,3.0910425186157227,3.0910428,0.0,1,0.0
random,N/A,0.2,0.3,0.30000000000000004,9,rrg,0,0.045454543,0.04545454,3.7252903e-09,1,0.045454543,0.0,0,3.0910428,3.0910427570343018,3.0910428,0.0,1,0.0
random,N/A,0.2,0.3,0.4,9,rrg,0,0.045454543,0.04545454,3.7252903e-09,1,0.045454543,0.0,0,3.0910428,3.0910427570343018,3.0910428,0.0,1,0.0
random,N/A,0.2,0.3,0.5,9,rrg,1,0.045454543,0.045454536,7.450581e-09,1,0.045454543,0.0,0,3.0910428,3.09104323387146,3.0910428,0.0,1,0.0
random,N/A,0.2,0.3,0.6000000000000001,9,rrg,2,0.045454543,0.045454543,0.0,1,0.045454543,0.0,0,3.0910428,3.0910425186157227,3.0910428,0.0,1,0.0
random,N/A,0.2,0.3,0.7000000000000001,9,rrg,0,0.045454543,0.04545454,3.7252903e-09,1,0.045454543,0.0,0,3.0910428,3.0910427570343018,3.0910428,0.0,1,0.0
random,N/A,0.2,0.3,0.8,9,rrg,0,0.045454543,0.04545454,3.7252903e-09,1,0.045454543,0.0,0,3.0910428,3.09104323387146,3.0910428,0.0,1,0.0
random,N/A,0.2,0.3,0.9,9,rrg,0,0.045454543,0.045454536,7.450581e-09,1,0.045454543,0.0,0,3.0910428,3.0910425186157227,3.0910428,0.0,1,0.0
random,N/A,0.2,0.3,1.0,9,rrg,0,0.045454543,,,1,0.045454543,0.0,0,3.0910428,,3.0910428,0.0,1,
random,N/A,0.05,0.3,0.1,10,rrg,259,0.045454543,0.04545454,3.7252903e-09,1,0.045454543,0.0,0,3.0910428,3.091042995452881,3.0910428,0.0,1,0.0
random,N/A,0.05,0.3,0.2,10,rrg,257,0.045454543,0.045454543,0.0,1,0.045454543,0.0,0,3.0910428,3.0910425186157227,3.0910428,0.0,1,0.0
random,N/A,0.05,0.3,0.30000000000000004,10,rrg,1,0.045454543,0.04545454,3.7252903e-09,1,0.045454543,0.0,0,3.0910428,3.0910427570343018,3.0910428,0.0,1,0.0
random,N/A,0.05,0.3,0.4,10,rrg,1,0.045454543,0.04545454,3.7252903e-09,1,0.045454543,0.0,0,3.0910428,3.0910427570343018,3.0910428,0.0,1,0.0
random,N/A,0.05,0.3,0.5,10,rrg,0,0.045454543,0.045454536,7.450581e-09,1,0.045454543,0.0,0,3.0910428,3.09104323387146,3.0910428,0.0,1,0.0
random,N/A,0.05,0.3,0.6000000000000001,10,rrg,1,0.045454543,0.045454543,0.0,1,0.045454543,0.0,0,3.0910428,3.0910425186157227,3.0910428,0.0,1,0.0
random,N/A,0.05,0.3,0.7000000000000001,10,rrg,0,0.045454543,0.04545454,3.7252903e-09,1,0.045454543,0.0,0,3.0910428,3.0910427570343018,3.0910428,0.0,1,0.0
random,N/A,0.05,0.3,0.8,10,rrg,0,0.045454543,0.04545454,3.7252903e-09,1,0.045454543,0.0,0,3.0910428,3.09104323387146,3.0910428,0.0,1,0.0
random,N/A,0.05,0.3,0.9,10,rrg,0,0.045454543,0.045454536,7.450581e-09,1,0.045454543,0.0,0,3.0910428,3.0910425186157227,3.0910428,0.0,1,0.0
random,N/A,0.05,0.3,1.0,10,rrg,0,0.045454543,,,1,0.045454543,0.0,0,3.0910428,,3.0910428,0.0,1,
random,N/A,0.1,0.3,0.1,10,rrg,129,0.045454543,0.04545454,3.7252903e-09,1,0.045454543,0.0,0,3.0910428,3.091042995452881,3.0910428,0.0,1,0.0
random,N/A,0.1,0.3,0.2,10,rrg,257,0.045454543,0.045454543,0.0,1,0.045454543,0.0,0,3.0910428,3.0910425186157227,3.0910428,0.0,1,0.0
random,N/A,0.1,0.3,0.30000000000000004,10,rrg,3,0.045454543,0.04545454,3.7252903e-09,1,0.045454543,0.0,0,3.0910428,3.0910427570343018,3.0910428,0.0,1,0.0
random,N/A,0.1,0.3,0.4,10,rrg,4,0.045454543,0.04545454,3.7252903e-09,1,0.045454543,0.0,0,3.0910428,3.0910427570343018,3.0910428,0.0,1,0.0
random,N/A,0.1,0.3,0.5,10,rrg,0,0.045454543,0.045454536,7.450581e-09,1,0.045454543,0.0,1,3.0910428,3.09104323387146,3.0910428,0.0,1,0.0
random,N/A,0.1,0.3,0.6000000000000001,10,rrg,0,0.045454543,0.045454543,0.0,1,0.045454543,0.0,1,3.0910428,3.0910425186157227,3.0910428,0.0,1,0.0
random,N/A,0.1,0.3,0.7000000000000001,10,rrg,0,0.045454543,0.04545454,3.7252903e-09,1,0.045454543,0.0,1,3.0910428,3.0910427570343018,3.0910428,0.0,1,0.0
random,N/A,0.1,0.3,0.8,10,rrg,0,0.045454543,0.04545454,3.7252903e-09,1,0.045454543,0.0,1,3.0910428,3.09104323387146,3.0910428,0.0,1,0.0
random,N/A,0.1,0.3,0.9,10,rrg,0,0.045454543,0.045454536,7.450581e-09,1,0.045454543,0.0,1,3.0910428,3.0910425186157227,3.0910428,0.0,1,0.0
random,N/A,0.1,0.3,1.0,10,rrg,0,0.045454543,,,1,0.045454543,0.0,1,3.0910428,,3.0910428,0.0,1,
random,N/A,0.2,0.3,0.1,10,rrg,256,0.045454543,0.04545454,3.7252903e-09,1,0.045454543,0.0,0,3.0910428,3.091042995452881,3.0910428,0.0,1,0.0
random,N/A,0.2,0.3,0.2,10,rrg,259,0.045454543,0.045454543,0.0,1,0.045454543,0.0,0,3.0910428,3.0910425186157227,3.0910428,0.0,1,0.0
random,N/A,0.2,0.3,0.30000000000000004,10,rrg,3,0.045454543,0.04545454,3.7252903e-09,1,0.045454543,0.0,1,3.0910428,3.0910427570343018,3.0910428,0.0,1,0.0
random,N/A,0.2,0.3,0.4,10,rrg,2,0.045454543,0.04545454,3.7252903e-09,1,0.045454543,0.0,0,3.0910428,3.0910427570343018,3.0910428,0.0,1,0.0
random,N/A,0.2,0.3,0.5,10,rrg,0,0.045454543,0.045454536,7.450581e-09,1,0.045454543,0.0,0,3.0910428,3.09104323387146,3.0910428,0.0,1,0.0
random,N/A,0.2,0.3,0.6000000000000001,10,rrg,0,0.045454543,0.045454543,0.0,1,0.045454543,0.0,0,3.0910428,3.0910425186157227,3.0910428,0.0,1,0.0
random,N/A,0.2,0.3,0.7000000000000001,10,rrg,0,0.045454543,0.04545454,3.7252903e-09,1,0.045454543,0.0,0,3.0910428,3.0910427570343018,3.0910428,0.0,1,0.0
random,N/A,0.2,0.3,0.8,10,rrg,0,0.045454543,0.04545454,3.7252903e-09,1,0.045454543,0.0,0,3.0910428,3.09104323387146,3.0910428,0.0,1,0.0
random,N/A,0.2,0.3,0.9,10,rrg,1,0.045454543,0.045454536,7.450581e-09,1,0.045454543,0.0,0,3.0910428,3.0910425186157227,3.0910428,0.0,1,0.0
random,N/A,0.2,0.3,1.0,10,rrg,0,0.045454543,,,1,0.045454543,0.0,0,3.0910428,,3.0910428,0.0,1,
random,N/A,0.05,0.3,0.1,11,rrg,1,0.045454543,0.04545454,3.7252903e-09,1,0.045454543,0.0,0,3.0910428,3.091042995452881,3.0910428,0.0,1,0.0
random,N/A,0.05,0.3,0.2,11,rrg,128,0.045454543,0.045454543,0.0,1,0.045454543,0.0,0,3.0910428,3.0910425186157227,3.0910428,0.0,1,0.0
random,N/A,0.05,0.3,0.30000000000000004,11,rrg,2,0.045454543,0.04545454,3.7252903e-09,1,0.045454543,0.0,0,3.0910428,3.0910427570343018,3.0910428,0.0,1,0.0
random,N/A,0.05,0.3,0.4,11,rrg,0,0.045454543,0.04545454,3.7252903e-09,1,0.045454543,0.0,0,3.0910428,3.0910427570343018,3.0910428,0.0,1,0.0
random,N/A,0.05,0.3,0.5,11,rrg,0,0.045454543,0.045454536,7.450581e-09,1,0.045454543,0.0,0,3.0910428,3.09104323387146,3.0910428,0.0,1,0.0
random,N/A,0.05,0.3,0.6000000000000001,11,rrg,0,0.045454543,0.045454543,0.0,1,0.045454543,0.0,0,3.0910428,3.0910425186157227,3.0910428,0.0,1,0.0
random,N/A,0.05,0.3,0.7000000000000001,11,rrg,0,0.045454543,0.04545454,3.7252903e-09,1,0.045454543,0.0,0,3.0910428,3.0910427570343018,3.0910428,0.0,1,0.0
random,N/A,0.05,0.3,0.8,11,rrg,0,0.045454543,0.04545454,3.7252903e-09,1,0.045454543,0.0,0,3.0910428,3.09104323387146,3.0910428,0.0,1,0.0
random,N/A,0.05,0.3,0.9,11,rrg,0,0.045454543,0.045454536,7.450581e-09,1,0.045454543,0.0,0,3.0910428,3.0910425186157227,3.0910428,0.0,1,0.0
random,N/A,0.05,0.3,1.0,11,rrg,0,0.045454543,,,1,0.045454543,0.0,0,3.0910428,,3.0910428,0.0,1,
random,N/A,0.1,0.3,0.1,11,rrg,2,0.045454543,0.04545454,3.7252903e-09,1,0.045454543,0.0,0,3.0910428,3.091042995452881,3.0910428,0.0,1,0.0
random,N/A,0.1,0.3,0.2,11,rrg,0,0.045454543,0.045454543,0.0,1,0.045454543,0.0,1,3.0910428,3.0910425186157227,3.0910428,0.0,1,0.0
random,N/A,0.1,0.3,0.30000000000000004,11,rrg,1,0.045454543,0.04545454,3.7252903e-09,1,0.045454543,0.0,1,3.0910428,3.0910427570343018,3.0910428,0.0,1,0.0
random,N/A,0.1,0.3,0.4,11,rrg,0,0.045454543,0.04545454,3.7252903e-09,1,0.045454543,0.0,1,3.0910428,3.0910427570343018,3.0910428,0.0,1,0.0
random,N/A,0.1,0.3,0.5,11,rrg,1,0.045454543,0.045454536,7.450581e-09,1,0.045454543,0.0,1,3.0910428,3.09104323387146,3.0910428,0.0,1,0.0
random,N/A,0.1,0.3,0.6000000000000001,11,rrg,1,0.045454543,0.045454543,0.0,1,0.045454543,0.0,1,3.0910428,3.0910425186157227,3.0910428,0.0,1,0.0
random,N/A,0.1,0.3,0.7000000000000001,11,rrg,0,0.045454543,0.04545454,3.7252903e-09,1,0.045454543,0.0,1,3.0910428,3.0910427570343018,3.0910428,0.0,1,0.0
random,N/A,0.1,0.3,0.8,11,rrg,1,0.045454543,0.04545454,3.7252903e-09,1,0.045454543,0.0,1,3.0910428,3.09104323387146,3.0910428,0.0,1,0.0
random,N/A,0.1,0.3,0.9,11,rrg,0,0.045454543,0.045454536,7.450581e-09,1,0.045454543,0.0,1,3.0910428,3.0910425186157227,3.0910428,0.0,1,0.0
random,N/A,0.1,0.3,1.0,11,rrg,0,0.045454543,,,1,0.045454543,0.0,1,3.0910428,,3.0910428,0.0,1,
random,N/A,0.2,0.3,0.1,11,rrg,0,0.045454543,0.04545454,3.7252903e-09,1,0.045454543,0.0,1,3.0910428,3.091042995452881,3.0910428,0.0,1,0.0
random,N/A,0.2,0.3,0.2,11,rrg,0,0.045454543,0.045454543,0.0,1,0.045454543,0.0,1,3.0910428,3.0910425186157227,3.0910428,0.0,1,0.0
random,N/A,0.2,0.3,0.30000000000000004,11,rrg,0,0.045454543,0.04545454,3.7252903e-09,1,0.045454543,0.0,1,3.0910428,3.0910427570343018,3.0910428,0.0,1,0.0
random,N/A,0.2,0.3,0.4,11,rrg,1,0.045454543,0.04545454,3.7252903e-09,1,0.045454543,0.0,1,3.0910428,3.0910427570343018,3.0910428,0.0,1,0.0
random,N/A,0.2,0.3,0.5,11,rrg,0,0.045454543,0.045454536,7.450581e-09,1,0.045454543,0.0,1,3.0910428,3.09104323387146,3.0910428,0.0,1,0.0
random,N/A,0.2,0.3,0.6000000000000001,11,rrg,0,0.045454543,0.045454543,0.0,1,0.045454543,0.0,1,3.0910428,3.0910425186157227,3.0910428,0.0,1,0.0
random,N/A,0.2,0.3,0.7000000000000001,11,rrg,0,0.045454543,0.04545454,3.7252903e-09,1,0.045454543,0.0,1,3.0910428,3.0910427570343018,3.0910428,0.0,1,0.0
random,N/A,0.2,0.3,0.8,11,rrg,2,0.045454543,0.04545454,3.7252903e-09,1,0.045454543,0.0,0,3.0910428,3.09104323387146,3.0910428,0.0,1,0.0
random,N/A,0.2,0.3,0.9,11,rrg,0,0.045454543,0.045454536,7.450581e-09,1,0.045454543,0.0,1,3.0910428,3.0910425186157227,3.0910428,0.0,1,0.0
random,N/A,0.2,0.3,1.0,11,rrg,0,0.045454543,,,1,0.045454543,0.0,1,3.0910428,,3.0910428,0.0,1,
random,N/A,0.05,0.3,0.1,12,rrg,262,0.045454543,0.04545454,3.7252903e-09,1,0.045454543,0.0,0,3.0910428,3.091042995452881,3.0910428,0.0,1,0.0
random,N/A,0.05,0.3,0.2,12,rrg,258,0.045454543,0.045454543,0.0,1,0.045454543,0.0,0,3.0910428,3.0910425186157227,3.0910428,0.0,1,0.0
random,N/A,0.05,0.3,0.30000000000000004,12,rrg,0,0.045454543,0.04545454,3.7252903e-09,1,0.045454543,0.0,0,3.0910428,3.0910427570343018,3.0910428,0.0,1,0.0
random,N/A,0.05,0.3,0.4,12,rrg,0,0.045454543,0.04545454,3.7252903e-09,1,0.045454543,0.0,0,3.0910428,3.0910427570343018,3.0910428,0.0,1,0.0
random,N/A,0.05,0.3,0.5,12,rrg,1,0.045454543,0.045454536,7.450581e-09,1,0.045454543,0.0,0,3.0910428,3.09104323387146,3.0910428,0.0,1,0.0
random,N/A,0.05,0.3,0.6000000000000001,12,rrg,0,0.045454543,0.045454543,0.0,1,0.045454543,0.0,0,3.0910428,3.0910425186157227,3.0910428,0.0,1,0.0
random,N/A,0.05,0.3,0.7000000000000001,12,rrg,0,0.045454543,0.04545454,3.7252903e-09,1,0.045454543,0.0,0,3.0910428,3.0910427570343018,3.0910428,0.0,1,0.0
random,N/A,0.05,0.3,0.8,12,rrg,0,0.045454543,0.04545454,3.7252903e-09,1,0.045454543,0.0,0,3.0910428,3.09104323387146,3.0910428,0.0,1,0.0
random,N/A,0.05,0.3,0.9,12,rrg,0,0.045454543,0.045454536,7.450581e-09,1,0.045454543,0.0,0,3.0910428,3.0910425186157227,3.0910428,0.0,1,0.0
random,N/A,0.05,0.3,1.0,12,rrg,0,0.045454543,,,1,0.045454543,0.0,0,3.0910428,,3.0910428,0.0,1,
random,N/A,0.1,0.3,0.1,12,rrg,3,0.045454543,0.04545454,3.7252903e-09,1,0.045454543,0.0,0,3.0910428,3.091042995452881,3.0910428,0.0,1,0.0
random,N/A,0.1,0.3,0.2,12,rrg,128,0.045454543,0.045454543,0.0,1,0.045454543,0.0,0,3.0910428,3.0910425186157227,3.0910428,0.0,1,0.0
random,N/A,0.1,0.3,0.30000000000000004,12,rrg,4,0.045454543,0.04545454,3.7252903e-09,1,0.045454543,0.0,0,3.0910428,3.0910427570343018,3.0910428,0.0,1,0.0
random,N/A,0.1,0.3,0.4,12,rrg,0,0.045454543,0.04545454,3.7252903e-09,1,0.045454543,0.0,0,3.0910428,3.0910427570343018,3.0910428,0.0,1,0.0
random,N/A,0.1,0.3,0.5,12,rrg,1,0.045454543,0.045454536,7.450581e-09,1,0.045454543,0.0,0,3.0910428,3.09104323387146,3.0910428,0.0,1,0.0
random,N/A,0.1,0.3,0.6000000000000001,12,rrg,0,0.045454543,0.045454543,0.0,1,0.045454543,0.0,0,3.0910428,3.0910425186157227,3.0910428,0.0,1,0.0
random,N/A,0.1,0.3,0.7000000000000001,12,rrg,1,0.045454543,0.04545454,3.7252903e-09,1,0.045454543,0.0,0,3.0910428,3.0910427570343018,3.0910428,0.0,1,0.0
random,N/A,0.1,0.3,0.8,12,rrg,0,0.045454543,0.04545454,3.7252903e-09,1,0.045454543,0.0,0,3.0910428,3.09104323387146,3.0910428,0.0,1,0.0
random,N/A,0.1,0.3,0.9,12,rrg,0,0.045454543,0.045454536,7.450581e-09,1,0.045454543,0.0,0,3.0910428,3.0910425186157227,3.0910428,0.0,1,0.0
random,N/A,0.1,0.3,1.0,12,rrg,0,0.045454543,,,1,0.045454543,0.0,0,3.0910428,,3.0910428,0.0,1,
random,N/A,0.2,0.3,0.1,12,rrg,259,0.045454543,0.04545454,3.7252903e-09,1,0.045454543,0.0,0,3.0910428,3.091042995452881,3.0910428,0.0,1,0.0
random,N/A,0.2,0.3,0.2,12,rrg,0,0.045454543,0.045454543,0.0,1,0.045454543,0.0,0,3.0910428,3.0910425186157227,3.0910428,0.0,1,0.0
random,N/A,0.2,0.3,0.30000000000000004,12,rrg,0,0.045454543,0.04545454,3.7252903e-09,1,0.045454543,0.0,0,3.0910428,3.0910427570343018,3.0910428,0.0,1,0.0
random,N/A,0.2,0.3,0.4,12,rrg,1,0.045454543,0.04545454,3.7252903e-09,1,0.045454543,0.0,0,3.0910428,3.0910427570343018,3.0910428,0.0,1,0.0
random,N/A,0.2,0.3,0.5,12,rrg,0,0.045454543,0.045454536,7.450581e-09,1,0.045454543,0.0,0,3.0910428,3.09104323387146,3.0910428,0.0,1,0.0
random,N/A,0.2,0.3,0.6000000000000001,12,rrg,0,0.045454543,0.045454543,0.0,1,0.045454543,0.0,0,3.0910428,3.0910425186157227,3.0910428,0.0,1,0.0
random,N/A,0.2,0.3,0.7000000000000001,12,rrg,0,0.045454543,0.04545454,3.7252903e-09,1,0.045454543,0.0,0,3.0910428,3.0910427570343018,3.0910428,0.0,1,0.0
random,N/A,0.2,0.3,0.8,12,rrg,1,0.045454543,0.04545454,3.7252903e-09,1,0.045454543,0.0,0,3.0910428,3.09104323387146,3.0910428,0.0,1,0.0
random,N/A,0.2,0.3,0.9,12,rrg,0,0.045454543,0.045454536,7.450581e-09,1,0.045454543,0.0,0,3.0910428,3.0910425186157227,3.0910428,0.0,1,0.0
random,N/A,0.2,0.3,1.0,12,rrg,0,0.045454543,,,1,0.045454543,0.0,0,3.0910428,,3.0910428,0.0,1,
random,N/A,0.05,0.3,0.1,13,rrg,3,0.045454543,0.04545454,3.7252903e-09,1,0.045454543,0.0,0,3.0910428,3.091042995452881,3.0910428,0.0,1,0.0
random,N/A,0.05,0.3,0.2,13,rrg,257,0.045454543,0.045454543,0.0,1,0.045454543,0.0,0,3.0910428,3.0910425186157227,3.0910428,0.0,1,0.0
random,N/A,0.05,0.3,0.30000000000000004,13,rrg,3,0.045454543,0.04545454,3.7252903e-09,1,0.045454543,0.0,0,3.0910428,3.0910427570343018,3.0910428,0.0,1,0.0
random,N/A,0.05,0.3,0.4,13,rrg,0,0.045454543,0.04545454,3.7252903e-09,1,0.045454543,0.0,0,3.0910428,3.0910427570343018,3.0910428,0.0,1,0.0
random,N/A,0.05,0.3,0.5,13,rrg,0,0.045454543,0.045454536,7.450581e-09,1,0.045454543,0.0,0,3.0910428,3.09104323387146,3.0910428,0.0,1,0.0
random,N/A,0.05,0.3,0.6000000000000001,13,rrg,1,0.045454543,0.045454543,0.0,1,0.045454543,0.0,0,3.0910428,3.0910425186157227,3.0910428,0.0,1,0.0
random,N/A,0.05,0.3,0.7000000000000001,13,rrg,1,0.045454543,0.04545454,3.7252903e-09,1,0.045454543,0.0,0,3.0910428,3.0910427570343018,3.0910428,0.0,1,0.0
random,N/A,0.05,0.3,0.8,13,rrg,1,0.045454543,0.04545454,3.7252903e-09,1,0.045454543,0.0,0,3.0910428,3.09104323387146,3.0910428,0.0,1,0.0
random,N/A,0.05,0.3,0.9,13,rrg,0,0.045454543,0.045454536,7.450581e-09,1,0.045454543,0.0,0,3.0910428,3.0910425186157227,3.0910428,0.0,1,0.0
random,N/A,0.05,0.3,1.0,13,rrg,0,0.045454543,,,1,0.045454543,0.0,0,3.0910428,,3.0910428,0.0,1,
random,N/A,0.1,0.3,0.1,13,rrg,130,0.045454543,0.04545454,3.7252903e-09,1,0.045454543,0.0,0,3.0910428,3.091042995452881,3.0910428,0.0,1,0.0
random,N/A,0.1,0.3,0.2,13,rrg,256,0.045454543,0.045454543,0.0,1,0.045454543,0.0,0,3.0910428,3.0910425186157227,3.0910428,0.0,1,0.0
random,N/A,0.1,0.3,0.30000000000000004,13,rrg,1,0.045454543,0.04545454,3.7252903e-09,1,0.045454543,0.0,0,3.0910428,3.0910427570343018,3.0910428,0.0,1,0.0
random,N/A,0.1,0.3,0.4,13,rrg,2,0.045454543,0.04545454,3.7252903e-09,1,0.045454543,0.0,0,3.0910428,3.0910427570343018,3.0910428,0.0,1,0.0
random,N/A,0.1,0.3,0.5,13,rrg,0,0.045454543,0.045454536,7.450581e-09,1,0.045454543,0.0,0,3.0910428,3.09104323387146,3.0910428,0.0,1,0.0
random,N/A,0.1,0.3,0.6000000000000001,13,rrg,0,0.045454543,0.045454543,0.0,1,0.045454543,0.0,0,3.0910428,3.0910425186157227,3.0910428,0.0,1,0.0
random,N/A,0.1,0.3,0.7000000000000001,13,rrg,1,0.045454543,0.04545454,3.7252903e-09,1,0.045454543,0.0,0,3.0910428,3.0910427570343018,3.0910428,0.0,1,0.0
random,N/A,0.1,0.3,0.8,13,rrg,0,0.045454543,0.04545454,3.7252903e-09,1,0.045454543,0.0,0,3.0910428,3.09104323387146,3.0910428,0.0,1,0.0
random,N/A,0.1,0.3,0.9,13,rrg,0,0.045454543,0.045454536,7.450581e-09,1,0.045454543,0.0,0,3.0910428,3.0910425186157227,3.0910428,0.0,1,0.0
random,N/A,0.1,0.3,1.0,13,rrg,0,0.045454543,,,1,0.045454543,0.0,0,3.0910428,,3.0910428,0.0,1,
random,N/A,0.2,0.3,0.1,13,rrg,262,0.045454543,0.04545454,3.7252903e-09,1,0.045454543,0.0,1,3.0910428,3.091042995452881,3.0910428,0.0,1,0.0
random,N/A,0.2,0.3,0.2,13,rrg,256,0.045454543,0.045454543,0.0,1,0.045454543,0.0,1,3.0910428,3.0910425186157227,3.0910428,0.0,1,0.0
random,N/A,0.2,0.3,0.30000000000000004,13,rrg,1,0.045454543,0.04545454,3.7252903e-09,1,0.045454543,0.0,0,3.0910428,3.0910427570343018,3.0910428,0.0,1,0.0
random,N/A,0.2,0.3,0.4,13,rrg,1,0.045454543,0.04545454,3.7252903e-09,1,0.045454543,0.0,0,3.0910428,3.0910427570343018,3.0910428,0.0,1,0.0
random,N/A,0.2,0.3,0.5,13,rrg,2,0.045454543,0.045454536,7.450581e-09,1,0.045454543,0.0,0,3.0910428,3.09104323387146,3.0910428,0.0,1,0.0
random,N/A,0.2,0.3,0.6000000000000001,13,rrg,1,0.045454543,0.045454543,0.0,1,0.045454543,0.0,0,3.0910428,3.0910425186157227,3.0910428,0.0,1,0.0
random,N/A,0.2,0.3,0.7000000000000001,13,rrg,0,0.045454543,0.04545454,3.7252903e-09,1,0.045454543,0.0,0,3.0910428,3.0910427570343018,3.0910428,0.0,1,0.0
random,N/A,0.2,0.3,0.8,13,rrg,0,0.045454543,0.04545454,3.7252903e-09,1,0.045454543,0.0,0,3.0910428,3.09104323387146,3.0910428,0.0,1,0.0
random,N/A,0.2,0.3,0.9,13,rrg,0,0.045454543,0.045454536,7.450581e-09,1,0.045454543,0.0,0,3.0910428,3.0910425186157227,3.0910428,0.0,1,0.0
random,N/A,0.2,0.3,1.0,13,rrg,0,0.045454543,,,1,0.045454543,0.0,0,3.0910428,,3.0910428,0.0,1,
random,N/A,0.05,0.3,0.1,14,rrg,256,0.045454543,0.04545454,3.7252903e-09,1,0.045454543,0.0,0,3.0910428,3.091042995452881,3.0910428,0.0,1,0.0
random,N/A,0.05,0.3,0.2,14,rrg,4,0.045454543,0.045454543,0.0,1,0.045454543,0.0,0,3.0910428,3.0910425186157227,3.0910428,0.0,1,0.0
random,N/A,0.05,0.3,0.30000000000000004,14,rrg,1,0.045454543,0.04545454,3.7252903e-09,1,0.045454543,0.0,0,3.0910428,3.0910427570343018,3.0910428,0.0,1,0.0
random,N/A,0.05,0.3,0.4,14,rrg,0,0.045454543,0.04545454,3.7252903e-09,1,0.045454543,0.0,0,3.0910428,3.0910427570343018,3.0910428,0.0,1,0.0
random,N/A,0.05,0.3,0.5,14,rrg,1,0.045454543,0.045454536,7.450581e-09,1,0.045454543,0.0,0,3.0910428,3.09104323387146,3.0910428,0.0,1,0.0
random,N/A,0.05,0.3,0.6000000000000001,14,rrg,0,0.045454543,0.045454543,0.0,1,0.045454543,0.0,0,3.0910428,3.0910425186157227,3.0910428,0.0,1,0.0
random,N/A,0.05,0.3,0.7000000000000001,14,rrg,0,0.045454543,0.04545454,3.7252903e-09,1,0.045454543,0.0,0,3.0910428,3.0910427570343018,3.0910428,0.0,1,0.0
random,N/A,0.05,0.3,0.8,14,rrg,1,0.045454543,0.04545454,3.7252903e-09,1,0.045454543,0.0,0,3.0910428,3.09104323387146,3.0910428,0.0,1,0.0
random,N/A,0.05,0.3,0.9,14,rrg,0,0.045454543,0.045454536,7.450581e-09,1,0.045454543,0.0,0,3.0910428,3.0910425186157227,3.0910428,0.0,1,0.0
random,N/A,0.05,0.3,1.0,14,rrg,0,0.045454543,,,1,0.045454543,0.0,0,3.0910428,,3.0910428,0.0,1,
random,N/A,0.1,0.3,0.1,14,rrg,265,0.045454543,0.04545454,3.7252903e-09,1,0.045454543,0.0,1,3.0910428,3.091042995452881,3.0910428,0.0,1,0.0
random,N/A,0.1,0.3,0.2,14,rrg,262,0.045454543,0.045454543,0.0,1,0.045454543,0.0,0,3.0910428,3.0910425186157227,3.0910428,0.0,1,0.0
random,N/A,0.1,0.3,0.30000000000000004,14,rrg,1,0.045454543,0.04545454,3.7252903e-09,1,0.045454543,0.0,0,3.0910428,3.0910427570343018,3.0910428,0.0,1,0.0
random,N/A,0.1,0.3,0.4,14,rrg,3,0.045454543,0.04545454,3.7252903e-09,1,0.045454543,0.0,1,3.0910428,3.0910427570343018,3.0910428,0.0,1,0.0
random,N/A,0.1,0.3,0.5,14,rrg,2,0.045454543,0.045454536,7.450581e-09,1,0.045454543,0.0,0,3.0910428,3.09104323387146,3.0910428,0.0,1,0.0
random,N/A,0.1,0.3,0.6000000000000001,14,rrg,0,0.045454543,0.045454543,0.0,1,0.045454543,0.0,0,3.0910428,3.0910425186157227,3.0910428,0.0,1,0.0
random,N/A,0.1,0.3,0.7000000000000001,14,rrg,0,0.045454543,0.04545454,3.7252903e-09,1,0.045454543,0.0,0,3.0910428,3.0910427570343018,3.0910428,0.0,1,0.0
random,N/A,0.1,0.3,0.8,14,rrg,1,0.045454543,0.04545454,3.7252903e-09,1,0.045454543,0.0,0,3.0910428,3.09104323387146,3.0910428,0.0,1,0.0
random,N/A,0.1,0.3,0.9,14,rrg,0,0.045454543,0.045454536,7.450581e-09,1,0.045454543,0.0,0,3.0910428,3.0910425186157227,3.0910428,0.0,1,0.0
random,N/A,0.1,0.3,1.0,14,rrg,0,0.045454543,,,1,0.045454543,0.0,0,3.0910428,,3.0910428,0.0,1,
random,N/A,0.2,0.3,0.1,14,rrg,263,0.045454543,0.04545454,3.7252903e-09,1,0.045454543,0.0,1,3.0910428,3.091042995452881,3.0910428,0.0,1,0.0
random,N/A,0.2,0.3,0.2,14,rrg,0,0.045454543,0.045454543,0.0,1,0.045454543,0.0,0,3.0910428,3.0910425186157227,3.0910428,0.0,1,0.0
random,N/A,0.2,0.3,0.30000000000000004,14,rrg,0,0.045454543,0.04545454,3.7252903e-09,1,0.045454543,0.0,0,3.0910428,3.0910427570343018,3.0910428,0.0,1,0.0
random,N/A,0.2,0.3,0.4,14,rrg,0,0.045454543,0.04545454,3.7252903e-09,1,0.045454543,0.0,0,3.0910428,3.0910427570343018,3.0910428,0.0,1,0.0
random,N/A,0.2,0.3,0.5,14,rrg,0,0.045454543,0.045454536,7.450581e-09,1,0.045454543,0.0,0,3.0910428,3.09104323387146,3.0910428,0.0,1,0.0
random,N/A,0.2,0.3,0.6000000000000001,14,rrg,0,0.045454543,0.045454543,0.0,1,0.045454543,0.0,0,3.0910428,3.0910425186157227,3.0910428,0.0,1,0.0
random,N/A,0.2,0.3,0.7000000000000001,14,rrg,1,0.045454543,0.04545454,3.7252903e-09,1,0.045454543,0.0,1,3.0910428,3.0910427570343018,3.0910428,0.0,1,0.0
random,N/A,0.2,0.3,0.8,14,rrg,0,0.045454543,0.04545454,3.7252903e-09,1,0.045454543,0.0,0,3.0910428,3.09104323387146,3.0910428,0.0,1,0.0
random,N/A,0.2,0.3,0.9,14,rrg,0,0.045454543,0.045454536,7.450581e-09,1,0.045454543,0.0,0,3.0910428,3.0910425186157227,3.0910428,0.0,1,0.0
random,N/A,0.2,0.3,1.0,14,rrg,0,0.045454543,,,1,0.045454543,0.0,0,3.0910428,,3.0910428,0.0,1,
random,N/A,0.05,0.3,0.1,15,rrg,128,0.045454543,0.04545454,3.7252903e-09,1,0.045454543,0.0,0,3.0910428,3.091042995452881,3.0910428,0.0,1,0.0
random,N/A,0.05,0.3,0.2,15,rrg,1,0.045454543,0.045454543,0.0,1,0.045454543,0.0,0,3.0910428,3.0910425186157227,3.0910428,0.0,1,0.0
random,N/A,0.05,0.3,0.30000000000000004,15,rrg,2,0.045454543,0.04545454,3.7252903e-09,1,0.045454543,0.0,0,3.0910428,3.0910427570343018,3.0910428,0.0,1,0.0
random,N/A,0.05,0.3,0.4,15,rrg,1,0.045454543,0.04545454,3.7252903e-09,1,0.045454543,0.0,0,3.0910428,3.0910427570343018,3.0910428,0.0,1,0.0
random,N/A,0.05,0.3,0.5,15,rrg,0,0.045454543,0.045454536,7.450581e-09,1,0.045454543,0.0,0,3.0910428,3.09104323387146,3.0910428,0.0,1,0.0
random,N/A,0.05,0.3,0.6000000000000001,15,rrg,1,0.045454543,0.045454543,0.0,1,0.045454543,0.0,0,3.0910428,3.0910425186157227,3.0910428,0.0,1,0.0
random,N/A,0.05,0.3,0.7000000000000001,15,rrg,0,0.045454543,0.04545454,3.7252903e-09,1,0.045454543,0.0,0,3.0910428,3.0910427570343018,3.0910428,0.0,1,0.0
random,N/A,0.05,0.3,0.8,15,rrg,0,0.045454543,0.04545454,3.7252903e-09,1,0.045454543,0.0,0,3.0910428,3.09104323387146,3.0910428,0.0,1,0.0
random,N/A,0.05,0.3,0.9,15,rrg,0,0.045454543,0.045454536,7.450581e-09,1,0.045454543,0.0,0,3.0910428,3.0910425186157227,3.0910428,0.0,1,0.0
random,N/A,0.05,0.3,1.0,15,rrg,0,0.045454543,,,1,0.045454543,0.0,0,3.0910428,,3.0910428,0.0,1,
random,N/A,0.1,0.3,0.1,15,rrg,132,0.045454543,0.04545454,3.7252903e-09,1,0.045454543,0.0,0,3.0910428,3.091042995452881,3.0910428,0.0,1,0.0
random,N/A,0.1,0.3,0.2,15,rrg,128,0.045454543,0.045454543,0.0,1,0.045454543,0.0,0,3.0910428,3.0910425186157227,3.0910428,0.0,1,0.0
random,N/A,0.1,0.3,0.30000000000000004,15,rrg,0,0.045454543,0.04545454,3.7252903e-09,1,0.045454543,0.0,0,3.0910428,3.0910427570343018,3.0910428,0.0,1,0.0
random,N/A,0.1,0.3,0.4,15,rrg,0,0.045454543,0.04545454,3.7252903e-09,1,0.045454543,0.0,0,3.0910428,3.0910427570343018,3.0910428,0.0,1,0.0
random,N/A,0.1,0.3,0.5,15,rrg,4,0.045454543,0.045454536,7.450581e-09,1,0.045454543,0.0,0,3.0910428,3.09104323387146,3.0910428,0.0,1,0.0
random,N/A,0.1,0.3,0.6000000000000001,15,rrg,0,0.045454543,0.045454543,0.0,1,0.045454543,0.0,0,3.0910428,3.0910425186157227,3.0910428,0.0,1,0.0
random,N/A,0.1,0.3,0.7000000000000001,15,rrg,1,0.045454543,0.04545454,3.7252903e-09,1,0.045454543,0.0,0,3.0910428,3.0910427570343018,3.0910428,0.0,1,0.0
random,N/A,0.1,0.3,0.8,15,rrg,0,0.045454543,0.04545454,3.7252903e-09,1,0.045454543,0.0,0,3.0910428,3.09104323387146,3.0910428,0.0,1,0.0
random,N/A,0.1,0.3,0.9,15,rrg,0,0.045454543,0.045454536,7.450581e-09,1,0.045454543,0.0,0,3.0910428,3.0910425186157227,3.0910428,0.0,1,0.0
random,N/A,0.1,0.3,1.0,15,rrg,0,0.045454543,,,1,0.045454543,0.0,0,3.0910428,,3.0910428,0.0,1,
random,N/A,0.2,0.3,0.1,15,rrg,259,0.045454543,0.04545454,3.7252903e-09,1,0.045454543,0.0,0,3.0910428,3.091042995452881,3.0910428,0.0,1,0.0
random,N/A,0.2,0.3,0.2,15,rrg,128,0.045454543,0.045454543,0.0,1,0.045454543,0.0,0,3.0910428,3.0910425186157227,3.0910428,0.0,1,0.0
random,N/A,0.2,0.3,0.30000000000000004,15,rrg,2,0.045454543,0.04545454,3.7252903e-09,1,0.045454543,0.0,0,3.0910428,3.0910427570343018,3.0910428,0.0,1,0.0
random,N/A,0.2,0.3,0.4,15,rrg,1,0.045454543,0.04545454,3.7252903e-09,1,0.045454543,0.0,0,3.0910428,3.0910427570343018,3.0910428,0.0,1,0.0
random,N/A,0.2,0.3,0.5,15,rrg,0,0.045454543,0.045454536,7.450581e-09,1,0.045454543,0.0,0,3.0910428,3.09104323387146,3.0910428,0.0,1,0.0
random,N/A,0.2,0.3,0.6000000000000001,15,rrg,1,0.045454543,0.045454543,0.0,1,0.045454543,0.0,0,3.0910428,3.0910425186157227,3.0910428,0.0,1,0.0
random,N/A,0.2,0.3,0.7000000000000001,15,rrg,0,0.045454543,0.04545454,3.7252903e-09,1,0.045454543,0.0,0,3.0910428,3.0910427570343018,3.0910428,0.0,1,0.0
random,N/A,0.2,0.3,0.8,15,rrg,0,0.045454543,0.04545454,3.7252903e-09,1,0.045454543,0.0,0,3.0910428,3.09104323387146,3.0910428,0.0,1,0.0
random,N/A,0.2,0.3,0.9,15,rrg,0,0.045454543,0.045454536,7.450581e-09,1,0.045454543,0.0,0,3.0910428,3.0910425186157227,3.0910428,0.0,1,0.0
random,N/A,0.2,0.3,1.0,15,rrg,0,0.045454543,,,1,0.045454543,0.0,0,3.0910428,,3.0910428,0.0,1,
random,N/A,0.05,0.3,0.1,16,rrg,256,0.045454543,0.04545454,3.7252903e-09,1,0.045454543,0.0,0,3.0910428,3.091042995452881,3.0910428,0.0,1,0.0
random,N/A,0.05,0.3,0.2,16,rrg,128,0.045454543,0.045454543,0.0,1,0.045454543,0.0,0,3.0910428,3.0910425186157227,3.0910428,0.0,1,0.0
random,N/A,0.05,0.3,0.30000000000000004,16,rrg,1,0.045454543,0.04545454,3.7252903e-09,1,0.045454543,0.0,0,3.0910428,3.0910427570343018,3.0910428,0.0,1,0.0
random,N/A,0.05,0.3,0.4,16,rrg,0,0.045454543,0.04545454,3.7252903e-09,1,0.045454543,0.0,0,3.0910428,3.0910427570343018,3.0910428,0.0,1,0.0
random,N/A,0.05,0.3,0.5,16,rrg,1,0.045454543,0.045454536,7.450581e-09,1,0.045454543,0.0,0,3.0910428,3.09104323387146,3.0910428,0.0,1,0.0
random,N/A,0.05,0.3,0.6000000000000001,16,rrg,3,0.045454543,0.045454543,0.0,1,0.045454543,0.0,0,3.0910428,3.0910425186157227,3.0910428,0.0,1,0.0
random,N/A,0.05,0.3,0.7000000000000001,16,rrg,0,0.045454543,0.04545454,3.7252903e-09,1,0.045454543,0.0,0,3.0910428,3.0910427570343018,3.0910428,0.0,1,0.0
random,N/A,0.05,0.3,0.8,16,rrg,0,0.045454543,0.04545454,3.7252903e-09,1,0.045454543,0.0,0,3.0910428,3.09104323387146,3.0910428,0.0,1,0.0
random,N/A,0.05,0.3,0.9,16,rrg,0,0.045454543,0.045454536,7.450581e-09,1,0.045454543,0.0,0,3.0910428,3.0910425186157227,3.0910428,0.0,1,0.0
random,N/A,0.05,0.3,1.0,16,rrg,0,0.045454543,,,1,0.045454543,0.0,0,3.0910428,,3.0910428,0.0,1,
random,N/A,0.1,0.3,0.1,16,rrg,135,0.045454543,0.04545454,3.7252903e-09,1,0.045454543,0.0,0,3.0910428,3.091042995452881,3.0910428,0.0,1,0.0
random,N/A,0.1,0.3,0.2,16,rrg,258,0.045454543,0.045454543,0.0,1,0.045454543,0.0,0,3.0910428,3.0910425186157227,3.0910428,0.0,1,0.0
random,N/A,0.1,0.3,0.30000000000000004,16,rrg,2,0.045454543,0.04545454,3.7252903e-09,1,0.045454543,0.0,1,3.0910428,3.0910427570343018,3.0910428,0.0,1,0.0
random,N/A,0.1,0.3,0.4,16,rrg,0,0.045454543,0.04545454,3.7252903e-09,1,0.045454543,0.0,0,3.0910428,3.0910427570343018,3.0910428,0.0,1,0.0
random,N/A,0.1,0.3,0.5,16,rrg,0,0.045454543,0.045454536,7.450581e-09,1,0.045454543,0.0,0,3.0910428,3.09104323387146,3.0910428,0.0,1,0.0
random,N/A,0.1,0.3,0.6000000000000001,16,rrg,0,0.045454543,0.045454543,0.0,1,0.045454543,0.0,0,3.0910428,3.0910425186157227,3.0910428,0.0,1,0.0
random,N/A,0.1,0.3,0.7000000000000001,16,rrg,0,0.045454543,0.04545454,3.7252903e-09,1,0.045454543,0.0,0,3.0910428,3.0910427570343018,3.0910428,0.0,1,0.0
random,N/A,0.1,0.3,0.8,16,rrg,0,0.045454543,0.04545454,3.7252903e-09,1,0.045454543,0.0,0,3.0910428,3.09104323387146,3.0910428,0.0,1,0.0
random,N/A,0.1,0.3,0.9,16,rrg,0,0.045454543,0.045454536,7.450581e-09,1,0.045454543,0.0,0,3.0910428,3.0910425186157227,3.0910428,0.0,1,0.0
random,N/A,0.1,0.3,1.0,16,rrg,0,0.045454543,,,1,0.045454543,0.0,0,3.0910428,,3.0910428,0.0,1,
random,N/A,0.2,0.3,0.1,16,rrg,2,0.045454543,0.04545454,3.7252903e-09,1,0.045454543,0.0,0,3.0910428,3.091042995452881,3.0910428,0.0,1,0.0
random,N/A,0.2,0.3,0.2,16,rrg,256,0.045454543,0.045454543,0.0,1,0.045454543,0.0,0,3.0910428,3.0910425186157227,3.0910428,0.0,1,0.0
random,N/A,0.2,0.3,0.30000000000000004,16,rrg,5,0.045454543,0.04545454,3.7252903e-09,1,0.045454543,0.0,0,3.0910428,3.0910427570343018,3.0910428,0.0,1,0.0
random,N/A,0.2,0.3,0.4,16,rrg,0,0.045454543,0.04545454,3.7252903e-09,1,0.045454543,0.0,0,3.0910428,3.0910427570343018,3.0910428,0.0,1,0.0
random,N/A,0.2,0.3,0.5,16,rrg,0,0.045454543,0.045454536,7.450581e-09,1,0.045454543,0.0,0,3.0910428,3.09104323387146,3.0910428,0.0,1,0.0
random,N/A,0.2,0.3,0.6000000000000001,16,rrg,1,0.045454543,0.045454543,0.0,1,0.045454543,0.0,0,3.0910428,3.0910425186157227,3.0910428,0.0,1,0.0
random,N/A,0.2,0.3,0.7000000000000001,16,rrg,0,0.045454543,0.04545454,3.7252903e-09,1,0.045454543,0.0,0,3.0910428,3.0910427570343018,3.0910428,0.0,1,0.0
random,N/A,0.2,0.3,0.8,16,rrg,0,0.045454543,0.04545454,3.7252903e-09,1,0.045454543,0.0,0,3.0910428,3.09104323387146,3.0910428,0.0,1,0.0
random,N/A,0.2,0.3,0.9,16,rrg,0,0.045454543,0.045454536,7.450581e-09,1,0.045454543,0.0,0,3.0910428,3.0910425186157227,3.0910428,0.0,1,0.0
random,N/A,0.2,0.3,1.0,16,rrg,0,0.045454543,,,1,0.045454543,0.0,0,3.0910428,,3.0910428,0.0,1,
random,N/A,0.05,0.3,0.1,17,rrg,260,0.045454543,0.04545454,3.7252903e-09,1,0.045454543,0.0,0,3.0910428,3.091042995452881,3.0910428,0.0,1,0.0
random,N/A,0.05,0.3,0.2,17,rrg,0,0.045454543,0.045454543,0.0,1,0.045454543,0.0,0,3.0910428,3.0910425186157227,3.0910428,0.0,1,0.0
random,N/A,0.05,0.3,0.30000000000000004,17,rrg,1,0.045454543,0.04545454,3.7252903e-09,1,0.045454543,0.0,0,3.0910428,3.0910427570343018,3.0910428,0.0,1,0.0
random,N/A,0.05,0.3,0.4,17,rrg,0,0.045454543,0.04545454,3.7252903e-09,1,0.045454543,0.0,0,3.0910428,3.0910427570343018,3.0910428,0.0,1,0.0
random,N/A,0.05,0.3,0.5,17,rrg,3,0.045454543,0.045454536,7.450581e-09,1,0.045454543,0.0,0,3.0910428,3.09104323387146,3.0910428,0.0,1,0.0
random,N/A,0.05,0.3,0.6000000000000001,17,rrg,0,0.045454543,0.045454543,0.0,1,0.045454543,0.0,0,3.0910428,3.0910425186157227,3.0910428,0.0,1,0.0
random,N/A,0.05,0.3,0.7000000000000001,17,rrg,0,0.045454543,0.04545454,3.7252903e-09,1,0.045454543,0.0,0,3.0910428,3.0910427570343018,3.0910428,0.0,1,0.0
random,N/A,0.05,0.3,0.8,17,rrg,0,0.045454543,0.04545454,3.7252903e-09,1,0.045454543,0.0,0,3.0910428,3.09104323387146,3.0910428,0.0,1,0.0
random,N/A,0.05,0.3,0.9,17,rrg,0,0.045454543,0.045454536,7.450581e-09,1,0.045454543,0.0,0,3.0910428,3.0910425186157227,3.0910428,0.0,1,0.0
random,N/A,0.05,0.3,1.0,17,rrg,0,0.045454543,,,1,0.045454543,0.0,0,3.0910428,,3.0910428,0.0,1,
random,N/A,0.1,0.3,0.1,17,rrg,129,0.045454543,0.04545454,3.7252903e-09,1,0.045454543,0.0,0,3.0910428,3.091042995452881,3.0910428,0.0,1,0.0
random,N/A,0.1,0.3,0.2,17,rrg,1,0.045454543,0.045454543,0.0,1,0.045454543,0.0,0,3.0910428,3.0910425186157227,3.0910428,0.0,1,0.0
random,N/A,0.1,0.3,0.30000000000000004,17,rrg,8,0.045454543,0.04545454,3.7252903e-09,1,0.045454543,0.0,0,3.0910428,3.0910427570343018,3.0910428,0.0,1,0.0
random,N/A,0.1,0.3,0.4,17,rrg,0,0.045454543,0.04545454,3.7252903e-09,1,0.045454543,0.0,0,3.0910428,3.0910427570343018,3.0910428,0.0,1,0.0
random,N/A,0.1,0.3,0.5,17,rrg,0,0.045454543,0.045454536,7.450581e-09,1,0.045454543,0.0,0,3.0910428,3.09104323387146,3.0910428,0.0,1,0.0
random,N/A,0.1,0.3,0.6000000000000001,17,rrg,1,0.045454543,0.045454543,0.0,1,0.045454543,0.0,0,3.0910428,3.0910425186157227,3.0910428,0.0,1,0.0
random,N/A,0.1,0.3,0.7000000000000001,17,rrg,0,0.045454543,0.04545454,3.7252903e-09,1,0.045454543,0.0,0,3.0910428,3.0910427570343018,3.0910428,0.0,1,0.0
random,N/A,0.1,0.3,0.8,17,rrg,0,0.045454543,0.04545454,3.7252903e-09,1,0.045454543,0.0,0,3.0910428,3.09104323387146,3.0910428,0.0,1,0.0
random,N/A,0.1,0.3,0.9,17,rrg,3,0.045454543,0.045454536,7.450581e-09,1,0.045454543,0.0,0,3.0910428,3.0910425186157227,3.0910428,0.0,1,0.0
random,N/A,0.1,0.3,1.0,17,rrg,0,0.045454543,,,1,0.045454543,0.0,0,3.0910428,,3.0910428,0.0,1,
random,N/A,0.2,0.3,0.1,17,rrg,129,0.045454543,0.04545454,3.7252903e-09,1,0.045454543,0.0,0,3.0910428,3.091042995452881,3.0910428,0.0,1,0.0
random,N/A,0.2,0.3,0.2,17,rrg,257,0.045454543,0.045454543,0.0,1,0.045454543,0.0,0,3.0910428,3.0910425186157227,3.0910428,0.0,1,0.0
random,N/A,0.2,0.3,0.30000000000000004,17,rrg,1,0.045454543,0.04545454,3.7252903e-09,1,0.045454543,0.0,0,3.0910428,3.0910427570343018,3.0910428,0.0,1,0.0
random,N/A,0.2,0.3,0.4,17,rrg,2,0.045454543,0.04545454,3.7252903e-09,1,0.045454543,0.0,1,3.0910428,3.0910427570343018,3.0910428,0.0,1,0.0
random,N/A,0.2,0.3,0.5,17,rrg,3,0.045454543,0.045454536,7.450581e-09,1,0.045454543,0.0,0,3.0910428,3.09104323387146,3.0910428,0.0,1,0.0
random,N/A,0.2,0.3,0.6000000000000001,17,rrg,0,0.045454543,0.045454543,0.0,1,0.045454543,0.0,0,3.0910428,3.0910425186157227,3.0910428,0.0,1,0.0
random,N/A,0.2,0.3,0.7000000000000001,17,rrg,0,0.045454543,0.04545454,3.7252903e-09,1,0.045454543,0.0,0,3.0910428,3.0910427570343018,3.0910428,0.0,1,0.0
random,N/A,0.2,0.3,0.8,17,rrg,0,0.045454543,0.04545454,3.7252903e-09,1,0.045454543,0.0,0,3.0910428,3.09104323387146,3.0910428,0.0,1,0.0
random,N/A,0.2,0.3,0.9,17,rrg,0,0.045454543,0.045454536,7.450581e-09,1,0.045454543,0.0,0,3.0910428,3.0910425186157227,3.0910428,0.0,1,0.0
random,N/A,0.2,0.3,1.0,17,rrg,0,0.045454543,,,1,0.045454543,0.0,0,3.0910428,,3.0910428,0.0,1,
random,N/A,0.05,0.3,0.1,18,rrg,262,0.045454543,0.04545454,3.7252903e-09,1,0.045454543,0.0,0,3.0910428,3.091042995452881,3.0910428,0.0,1,0.0
random,N/A,0.05,0.3,0.2,18,rrg,129,0.045454543,0.045454543,0.0,1,0.045454543,0.0,0,3.0910428,3.0910425186157227,3.0910428,0.0,1,0.0
random,N/A,0.05,0.3,0.30000000000000004,18,rrg,0,0.045454543,0.04545454,3.7252903e-09,1,0.045454543,0.0,0,3.0910428,3.0910427570343018,3.0910428,0.0,1,0.0
random,N/A,0.05,0.3,0.4,18,rrg,5,0.045454543,0.04545454,3.7252903e-09,1,0.045454543,0.0,0,3.0910428,3.0910427570343018,3.0910428,0.0,1,0.0
random,N/A,0.05,0.3,0.5,18,rrg,0,0.045454543,0.045454536,7.450581e-09,1,0.045454543,0.0,0,3.0910428,3.09104323387146,3.0910428,0.0,1,0.0
random,N/A,0.05,0.3,0.6000000000000001,18,rrg,1,0.045454543,0.045454543,0.0,1,0.045454543,0.0,1,3.0910428,3.0910425186157227,3.0910428,0.0,1,0.0
random,N/A,0.05,0.3,0.7000000000000001,18,rrg,2,0.045454543,0.04545454,3.7252903e-09,1,0.045454543,0.0,0,3.0910428,3.0910427570343018,3.0910428,0.0,1,0.0
random,N/A,0.05,0.3,0.8,18,rrg,0,0.045454543,0.04545454,3.7252903e-09,1,0.045454543,0.0,0,3.0910428,3.09104323387146,3.0910428,0.0,1,0.0
random,N/A,0.05,0.3,0.9,18,rrg,0,0.045454543,0.045454536,7.450581e-09,1,0.045454543,0.0,0,3.0910428,3.0910425186157227,3.0910428,0.0,1,0.0
random,N/A,0.05,0.3,1.0,18,rrg,0,0.045454543,,,1,0.045454543,0.0,0,3.0910428,,3.0910428,0.0,1,
random,N/A,0.1,0.3,0.1,18,rrg,257,0.045454543,0.04545454,3.7252903e-09,1,0.045454543,0.0,0,3.0910428,3.091042995452881,3.0910428,0.0,1,0.0
random,N/A,0.1,0.3,0.2,18,rrg,128,0.045454543,0.045454543,0.0,1,0.045454543,0.0,0,3.0910428,3.0910425186157227,3.0910428,0.0,1,0.0
random,N/A,0.1,0.3,0.30000000000000004,18,rrg,2,0.045454543,0.04545454,3.7252903e-09,1,0.045454543,0.0,0,3.0910428,3.0910427570343018,3.0910428,0.0,1,0.0
random,N/A,0.1,0.3,0.4,18,rrg,0,0.045454543,0.04545454,3.7252903e-09,1,0.045454543,0.0,0,3.0910428,3.0910427570343018,3.0910428,0.0,1,0.0
random,N/A,0.1,0.3,0.5,18,rrg,0,0.045454543,0.045454536,7.450581e-09,1,0.045454543,0.0,0,3.0910428,3.09104323387146,3.0910428,0.0,1,0.0
random,N/A,0.1,0.3,0.6000000000000001,18,rrg,0,0.045454543,0.045454543,0.0,1,0.045454543,0.0,0,3.0910428,3.0910425186157227,3.0910428,0.0,1,0.0
random,N/A,0.1,0.3,0.7000000000000001,18,rrg,0,0.045454543,0.04545454,3.7252903e-09,1,0.045454543,0.0,0,3.0910428,3.0910427570343018,3.0910428,0.0,1,0.0
random,N/A,0.1,0.3,0.8,18,rrg,1,0.045454543,0.04545454,3.7252903e-09,1,0.045454543,0.0,0,3.0910428,3.09104323387146,3.0910428,0.0,1,0.0
random,N/A,0.1,0.3,0.9,18,rrg,0,0.045454543,0.045454536,7.450581e-09,1,0.045454543,0.0,0,3.0910428,3.0910425186157227,3.0910428,0.0,1,0.0
random,N/A,0.1,0.3,1.0,18,rrg,0,0.045454543,,,1,0.045454543,0.0,0,3.0910428,,3.0910428,0.0,1,
random,N/A,0.2,0.3,0.1,18,rrg,129,0.045454543,0.04545454,3.7252903e-09,1,0.045454543,0.0,0,3.0910428,3.091042995452881,3.0910428,0.0,1,0.0
random,N/A,0.2,0.3,0.2,18,rrg,2,0.045454543,0.045454543,0.0,1,0.045454543,0.0,0,3.0910428,3.0910425186157227,3.0910428,0.0,1,0.0
random,N/A,0.2,0.3,0.30000000000000004,18,rrg,0,0.045454543,0.04545454,3.7252903e-09,1,0.045454543,0.0,0,3.0910428,3.0910427570343018,3.0910428,0.0,1,0.0
random,N/A,0.2,0.3,0.4,18,rrg,1,0.045454543,0.04545454,3.7252903e-09,1,0.045454543,0.0,0,3.0910428,3.0910427570343018,3.0910428,0.0,1,0.0
random,N/A,0.2,0.3,0.5,18,rrg,0,0.045454543,0.045454536,7.450581e-09,1,0.045454543,0.0,0,3.0910428,3.09104323387146,3.0910428,0.0,1,0.0
random,N/A,0.2,0.3,0.6000000000000001,18,rrg,0,0.045454543,0.045454543,0.0,1,0.045454543,0.0,0,3.0910428,3.0910425186157227,3.0910428,0.0,1,0.0
random,N/A,0.2,0.3,0.7000000000000001,18,rrg,1,0.045454543,0.04545454,3.7252903e-09,1,0.045454543,0.0,0,3.0910428,3.0910427570343018,3.0910428,0.0,1,0.0
random,N/A,0.2,0.3,0.8,18,rrg,0,0.045454543,0.04545454,3.7252903e-09,1,0.045454543,0.0,0,3.0910428,3.09104323387146,3.0910428,0.0,1,0.0
random,N/A,0.2,0.3,0.9,18,rrg,0,0.045454543,0.045454536,7.450581e-09,1,0.045454543,0.0,0,3.0910428,3.0910425186157227,3.0910428,0.0,1,0.0
random,N/A,0.2,0.3,1.0,18,rrg,0,0.045454543,,,1,0.045454543,0.0,0,3.0910428,,3.0910428,0.0,1,
random,N/A,0.05,0.3,0.1,19,rrg,136,0.045454543,0.04545454,3.7252903e-09,1,0.045454543,0.0,0,3.0910428,3.091042995452881,3.0910428,0.0,1,0.0
random,N/A,0.05,0.3,0.2,19,rrg,258,0.045454543,0.045454543,0.0,1,0.045454543,0.0,0,3.0910428,3.0910425186157227,3.0910428,0.0,1,0.0
random,N/A,0.05,0.3,0.30000000000000004,19,rrg,0,0.045454543,0.04545454,3.7252903e-09,1,0.045454543,0.0,0,3.0910428,3.0910427570343018,3.0910428,0.0,1,0.0
random,N/A,0.05,0.3,0.4,19,rrg,0,0.045454543,0.04545454,3.7252903e-09,1,0.045454543,0.0,0,3.0910428,3.0910427570343018,3.0910428,0.0,1,0.0
random,N/A,0.05,0.3,0.5,19,rrg,0,0.045454543,0.045454536,7.450581e-09,1,0.045454543,0.0,0,3.0910428,3.09104323387146,3.0910428,0.0,1,0.0
random,N/A,0.05,0.3,0.6000000000000001,19,rrg,0,0.045454543,0.045454543,0.0,1,0.045454543,0.0,0,3.0910428,3.0910425186157227,3.0910428,0.0,1,0.0
random,N/A,0.05,0.3,0.7000000000000001,19,rrg,0,0.045454543,0.04545454,3.7252903e-09,1,0.045454543,0.0,0,3.0910428,3.0910427570343018,3.0910428,0.0,1,0.0
random,N/A,0.05,0.3,0.8,19,rrg,0,0.045454543,0.04545454,3.7252903e-09,1,0.045454543,0.0,0,3.0910428,3.09104323387146,3.0910428,0.0,1,0.0
random,N/A,0.05,0.3,0.9,19,rrg,0,0.045454543,0.045454536,7.450581e-09,1,0.045454543,0.0,0,3.0910428,3.0910425186157227,3.0910428,0.0,1,0.0
random,N/A,0.05,0.3,1.0,19,rrg,0,0.045454543,,,1,0.045454543,0.0,0,3.0910428,,3.0910428,0.0,1,
random,N/A,0.1,0.3,0.1,19,rrg,262,0.045454543,0.04545454,3.7252903e-09,1,0.045454543,0.0,0,3.0910428,3.091042995452881,3.0910428,0.0,1,0.0
random,N/A,0.1,0.3,0.2,19,rrg,256,0.045454543,0.045454543,0.0,1,0.045454543,0.0,1,3.0910428,3.0910425186157227,3.0910428,0.0,1,0.0
random,N/A,0.1,0.3,0.30000000000000004,19,rrg,0,0.045454543,0.04545454,3.7252903e-09,1,0.045454543,0.0,0,3.0910428,3.0910427570343018,3.0910428,0.0,1,0.0
random,N/A,0.1,0.3,0.4,19,rrg,2,0.045454543,0.04545454,3.7252903e-09,1,0.045454543,0.0,0,3.0910428,3.0910427570343018,3.0910428,0.0,1,0.0
random,N/A,0.1,0.3,0.5,19,rrg,1,0.045454543,0.045454536,7.450581e-09,1,0.045454543,0.0,1,3.0910428,3.09104323387146,3.0910428,0.0,1,0.0
random,N/A,0.1,0.3,0.6000000000000001,19,rrg,0,0.045454543,0.045454543,0.0,1,0.045454543,0.0,0,3.0910428,3.0910425186157227,3.0910428,0.0,1,0.0
random,N/A,0.1,0.3,0.7000000000000001,19,rrg,0,0.045454543,0.04545454,3.7252903e-09,1,0.045454543,0.0,0,3.0910428,3.0910427570343018,3.0910428,0.0,1,0.0
random,N/A,0.1,0.3,0.8,19,rrg,1,0.045454543,0.04545454,3.7252903e-09,1,0.045454543,0.0,1,3.0910428,3.09104323387146,3.0910428,0.0,1,0.0
random,N/A,0.1,0.3,0.9,19,rrg,0,0.045454543,0.045454536,7.450581e-09,1,0.045454543,0.0,0,3.0910428,3.0910425186157227,3.0910428,0.0,1,0.0
random,N/A,0.1,0.3,1.0,19,rrg,0,0.045454543,,,1,0.045454543,0.0,0,3.0910428,,3.0910428,0.0,1,
random,N/A,0.2,0.3,0.1,19,rrg,140,0.045454543,0.04545454,3.7252903e-09,1,0.045454543,0.0,0,3.0910428,3.091042995452881,3.0910428,0.0,1,0.0
random,N/A,0.2,0.3,0.2,19,rrg,257,0.045454543,0.045454543,0.0,1,0.045454543,0.0,0,3.0910428,3.0910425186157227,3.0910428,0.0,1,0.0
random,N/A,0.2,0.3,0.30000000000000004,19,rrg,2,0.045454543,0.04545454,3.7252903e-09,1,0.045454543,0.0,0,3.0910428,3.0910427570343018,3.0910428,0.0,1,0.0
random,N/A,0.2,0.3,0.4,19,rrg,2,0.045454543,0.04545454,3.7252903e-09,1,0.045454543,0.0,0,3.0910428,3.0910427570343018,3.0910428,0.0,1,0.0
random,N/A,0.2,0.3,0.5,19,rrg,0,0.045454543,0.045454536,7.450581e-09,1,0.045454543,0.0,0,3.0910428,3.09104323387146,3.0910428,0.0,1,0.0
random,N/A,0.2,0.3,0.6000000000000001,19,rrg,1,0.045454543,0.045454543,0.0,1,0.045454543,0.0,1,3.0910428,3.0910425186157227,3.0910428,0.0,1,0.0
random,N/A,0.2,0.3,0.7000000000000001,19,rrg,1,0.045454543,0.04545454,3.7252903e-09,1,0.045454543,0.0,1,3.0910428,3.0910427570343018,3.0910428,0.0,1,0.0
random,N/A,0.2,0.3,0.8,19,rrg,0,0.045454543,0.04545454,3.7252903e-09,1,0.045454543,0.0,0,3.0910428,3.09104323387146,3.0910428,0.0,1,0.0
random,N/A,0.2,0.3,0.9,19,rrg,0,0.045454543,0.045454536,7.450581e-09,1,0.045454543,0.0,0,3.0910428,3.0910425186157227,3.0910428,0.0,1,0.0
random,N/A,0.2,0.3,1.0,19,rrg,0,0.045454543,,,1,0.045454543,0.0,0,3.0910428,,3.0910428,0.0,1,
