method,metric,graph,rho,delta,lambda,sim,O,MO,O_tilde,MO_tilde,SE,MSE,rank,precision,recall,f1
sequential,ov,rrg,0.0,0.3,0.3,0,0.89,0.7000065,0.0,0.0,13.864521970040729,24.044302,55.18181818181818,0.0,0.0,0.0
sequential,ov,rrg,0.1,0.3,0.3,0,0.95,0.7249881,0.545454545454545,0.08327386,11.384491093446945,21.39938,25.09090909090909,1.0,0.5454545454545454,0.7058823529411764
sequential,ov,rrg,0.2,0.3,0.3,0,1.0,0.7474483,1.0,0.15814288,9.083071174017192,19.063757,6.0,1.0,1.0,1.0
sequential,ov,rrg,0.30000000000000004,0.3,0.3,0,1.0,0.77893186,1.0,0.26309025,7.833948834456958,16.904968,6.0,1.0,1.0,1.0
sequential,ov,rrg,0.4,0.3,0.3,0,1.0,0.81316847,1.0,0.37721476,6.820464064049963,14.636715,6.0,1.0,1.0,1.0
sequential,ov,rrg,0.5,0.3,0.3,0,0.99,0.83326286,0.909090909090909,0.44419754,5.136587562088226,12.757382,6.0,0.9166666666666666,1.0,0.9565217391304348
sequential,ov,rrg,0.6000000000000001,0.3,0.3,0,1.0,0.8535108,1.0,0.5116921,5.163727267401421,10.765228,6.0,1.0,1.0,1.0
sequential,ov,rrg,0.7000000000000001,0.3,0.3,0,1.0,0.8786886,1.0,0.59561986,4.3125978278641925,9.083657,6.0,1.0,1.0,1.0
sequential,ov,rrg,0.8,0.3,0.3,0,1.0,0.90594435,1.0,0.6864744,3.9766015236934247,7.1194515,6.0,1.0,1.0,1.0
sequential,ov,rrg,0.9,0.3,0.3,0,1.0,0.9377474,1.0,0.7924869,3.8098298135240958,4.9535155,6.0,1.0,1.0,1.0
sequential,ov,rrg,1.0,0.3,0.3,0,0.98,0.9705437,0.818181818181818,0.90181017,2.158290430632963,2.3988547,6.0,0.8461538461538461,1.0,0.9166666666666666
sequential,mov,rrg,0.0,0.3,0.3,0,0.89,0.7000065,0.0,0.0,13.864521970040729,24.044302,55.18181818181818,0.0,0.0,0.0
sequential,mov,rrg,0.1,0.3,0.3,0,0.82,0.7668675,-0.636363636363637,0.22287492,11.630643827188594,17.744616,42.72727272727273,0.0,0.0,0.0
sequential,mov,rrg,0.2,0.3,0.3,0,0.8,0.80952746,-0.818181818181818,0.3650778,12.283677848426887,14.003849,35.45454545454545,0.09090909090909091,0.09090909090909091,0.09090909090909091
sequential,mov,rrg,0.30000000000000004,0.3,0.3,0,0.8,0.84508955,-0.818181818181818,0.48362067,11.830288483225525,11.519361,25.0,0.2,0.2727272727272727,0.23076923076923075
sequential,mov,rrg,0.4,0.3,0.3,0,0.84,0.87558115,-0.45454545454545503,0.5852615,9.82723221867456,9.426809,14.181818181818182,0.3684210526315789,0.6363636363636364,0.4666666666666667
sequential,mov,rrg,0.5,0.3,0.3,0,0.88,0.90351313,-0.090909090909091,0.6783702,8.110061881909886,7.637174,6.090909090909091,0.4782608695652174,1.0,0.6470588235294118
sequential,mov,rrg,0.6000000000000001,0.3,0.3,0,0.88,0.9290295,-0.090909090909091,0.76342666,7.419220471997286,6.037491,7.2727272727272725,0.4782608695652174,1.0,0.6470588235294118
sequential,mov,rrg,0.7000000000000001,0.3,0.3,0,0.87,0.9570408,-0.181818181818182,0.85679954,7.2472494117149004,3.9201293,7.181818181818182,0.4583333333333333,1.0,0.6285714285714286
sequential,mov,rrg,0.8,0.3,0.3,0,0.87,0.97192186,-0.181818181818182,0.9064042,7.0945178218985845,2.7200677,8.090909090909092,0.4583333333333333,1.0,0.6285714285714286
sequential,mov,rrg,0.9,0.3,0.3,0,0.89,0.9840382,0.0,0.9467928,5.520423383375054,2.1364017,6.0,0.5,1.0,0.6666666666666666
sequential,mov,rrg,1.0,0.3,0.3,0,0.98,0.9705437,0.818181818181818,0.90181017,2.158290430632963,2.3988547,6.0,0.8461538461538461,1.0,0.9166666666666666
sequential,c_mov,rrg,0.0,0.3,0.3,0,0.89,0.7000065,0.0,0.0,13.864521970040729,24.044302,55.18181818181818,0.0,0.0,0.0
sequential,c_mov,rrg,0.1,0.3,0.3,0,0.84,0.753368,-0.45454545454545503,0.17787562,11.839494966772556,18.218765,37.63636363636363,0.2222222222222222,0.18181818181818182,0.19999999999999998
sequential,c_mov,rrg,0.2,0.3,0.3,0,0.76,0.77648216,-1.181818181818182,0.25492445,9.93811177372983,15.16891,34.0,0.21739130434782608,0.45454545454545453,0.29411764705882354
sequential,c_mov,rrg,0.30000000000000004,0.3,0.3,0,0.79,0.82417375,-0.909090909090909,0.41389984,9.41038272413084,12.060922,16.363636363636363,0.32142857142857145,0.8181818181818182,0.46153846153846156
sequential,c_mov,rrg,0.4,0.3,0.3,0,0.81,0.8681403,-0.727272727272727,0.5604581,8.854529470421095,8.959409,7.7272727272727275,0.36666666666666664,1.0,0.5365853658536585
sequential,c_mov,rrg,0.5,0.3,0.3,0,0.82,0.90332735,-0.636363636363637,0.6777508,8.388633866929899,6.747997,7.909090909090909,0.3793103448275862,1.0,0.5499999999999999
sequential,c_mov,rrg,0.6000000000000001,0.3,0.3,0,0.82,0.93299055,-0.636363636363637,0.77663034,7.926738985857039,5.1045246,8.363636363636363,0.3793103448275862,1.0,0.5499999999999999
sequential,c_mov,rrg,0.7000000000000001,0.3,0.3,0,0.82,0.95779765,-0.636363636363637,0.8593224,6.778141786252185,3.606657,9.0,0.3793103448275862,1.0,0.5499999999999999
sequential,c_mov,rrg,0.8,0.3,0.3,0,0.83,0.9676899,-0.545454545454546,0.89229727,5.8176530536425,2.9879339,7.909090909090909,0.39285714285714285,1.0,0.5641025641025641
sequential,c_mov,rrg,0.9,0.3,0.3,0,0.88,0.9818251,-0.090909090909091,0.93941575,5.16600743621897,2.0616632,6.818181818181818,0.4782608695652174,1.0,0.6470588235294118
sequential,c_mov,rrg,1.0,0.3,0.3,0,0.98,0.9705437,0.818181818181818,0.90181017,2.158290430632963,2.3988547,6.0,0.8461538461538461,1.0,0.9166666666666666
sequential,ov,rrg,0.0,0.3,0.3,1,0.89,0.7000065,0.0,0.0,13.755674768330142,24.021635,44.18181818181818,0.0,0.0,0.0
sequential,ov,rrg,0.1,0.3,0.3,1,0.96,0.71902716,0.636363636363636,0.06340363,11.954844807158702,21.565762,21.363636363636363,1.0,0.6363636363636364,0.7777777777777778
sequential,ov,rrg,0.2,0.3,0.3,1,0.98,0.74743766,0.818181818181818,0.15810733,8.935080844315209,18.798498,11.363636363636363,0.9090909090909091,0.9090909090909091,0.9090909090909091
sequential,ov,rrg,0.30000000000000004,0.3,0.3,1,0.99,0.77159524,0.909090909090909,0.23863435,7.036860942455146,16.353928,6.0,0.9166666666666666,1.0,0.9565217391304348
sequential,ov,rrg,0.4,0.3,0.3,1,1.0,0.79993224,1.0,0.33309305,6.224869784112277,14.219602,6.0,1.0,1.0,1.0
sequential,ov,rrg,0.5,0.3,0.3,1,1.0,0.8222233,1.0,0.4073982,5.411378083660193,12.171383,6.0,1.0,1.0,1.0
sequential,ov,rrg,0.6000000000000001,0.3,0.3,1,1.0,0.8429953,1.0,0.47663963,5.046138952624802,10.147968,6.0,1.0,1.0,1.0
sequential,ov,rrg,0.7000000000000001,0.3,0.3,1,1.0,0.87691414,1.0,0.58970493,4.228832514186859,7.946692,6.0,1.0,1.0,1.0
sequential,ov,rrg,0.8,0.3,0.3,1,1.0,0.9032766,1.0,0.6775818,3.7103274871234118,6.58275,6.0,1.0,1.0,1.0
sequential,ov,rrg,0.9,0.3,0.3,1,1.0,0.93211436,1.0,0.77370965,2.994273628483272,4.33138,6.0,1.0,1.0,1.0
sequential,ov,rrg,1.0,0.3,0.3,1,0.97,0.9730012,0.727272727272727,0.910002,2.501055180893455,1.5469484,6.909090909090909,0.7857142857142857,1.0,0.88
sequential,mov,rrg,0.0,0.3,0.3,1,0.89,0.7000065,0.0,0.0,13.755674768330142,24.021635,44.18181818181818,0.0,0.0,0.0
sequential,mov,rrg,0.1,0.3,0.3,1,0.82,0.76242846,-0.636363636363637,0.20807776,11.295266289352186,17.8685,45.09090909090909,0.0,0.0,0.0
sequential,mov,rrg,0.2,0.3,0.3,1,0.8,0.81453705,-0.818181818181818,0.3817768,11.72636390300271,13.205025,30.0,0.15384615384615385,0.18181818181818182,0.16666666666666669
sequential,mov,rrg,0.30000000000000004,0.3,0.3,1,0.8,0.84836006,-0.818181818181818,0.4945226,11.005315669672969,10.80464,24.181818181818183,0.2,0.2727272727272727,0.23076923076923075
sequential,mov,rrg,0.4,0.3,0.3,1,0.79,0.8838589,-0.909090909090909,0.6128547,10.876228337998077,8.283874,23.0,0.2222222222222222,0.36363636363636365,0.27586206896551724
sequential,mov,rrg,0.5,0.3,0.3,1,0.85,0.91363436,-0.363636363636364,0.7121083,8.683773754425596,6.4646935,12.181818181818182,0.4166666666666667,0.9090909090909091,0.5714285714285715
sequential,mov,rrg,0.6000000000000001,0.3,0.3,1,0.85,0.9389586,-0.363636363636364,0.7965242,7.936927562620849,4.92476,12.454545454545455,0.4166666666666667,0.9090909090909091,0.5714285714285715
sequential,mov,rrg,0.7000000000000001,0.3,0.3,1,0.86,0.96270066,-0.272727272727273,0.8756662,6.72382470156889,3.3404782,11.181818181818182,0.44,1.0,0.6111111111111112
sequential,mov,rrg,0.8,0.3,0.3,1,0.83,0.9831135,-0.545454545454546,0.94371057,6.904029495495358,1.4998946,12.727272727272727,0.39285714285714285,1.0,0.5641025641025641
sequential,mov,rrg,0.9,0.3,0.3,1,0.88,0.986892,-0.090909090909091,0.9563057,4.453341207546174,1.6856645,12.636363636363637,0.4782608695652174,1.0,0.6470588235294118
sequential,mov,rrg,1.0,0.3,0.3,1,0.97,0.9730012,0.727272727272727,0.910002,2.501055180893455,1.5469484,6.909090909090909,0.7857142857142857,1.0,0.88
sequential,c_mov,rrg,0.0,0.3,0.3,1,0.89,0.7000065,0.0,0.0,13.755674768330142,24.021635,44.18181818181818,0.0,0.0,0.0
sequential,c_mov,rrg,0.1,0.3,0.3,1,0.79,0.7599989,-0.909090909090909,0.1999791,14.107276126093884,16.995295,54.72727272727273,0.0,0.0,0.0
sequential,c_mov,rrg,0.2,0.3,0.3,1,0.74,0.7971963,-1.363636363636364,0.32397315,14.796118773419305,12.270107,36.09090909090909,0.17391304347826086,0.36363636363636365,0.2352941176470588
sequential,c_mov,rrg,0.30000000000000004,0.3,0.3,1,0.77,0.8387405,-1.090909090909091,0.4624568,13.790173820125496,9.0855875,17.545454545454547,0.2857142857142857,0.7272727272727273,0.4102564102564102
sequential,c_mov,rrg,0.4,0.3,0.3,1,0.8,0.8805661,-0.818181818181818,0.60187846,11.882615062630624,7.183814,12.181818181818182,0.3448275862068966,0.9090909090909091,0.5000000000000001
sequential,c_mov,rrg,0.5,0.3,0.3,1,0.81,0.9120405,-0.727272727272727,0.7067952,11.032923383347368,5.2443824,9.636363636363637,0.36666666666666664,1.0,0.5365853658536585
sequential,c_mov,rrg,0.6000000000000001,0.3,0.3,1,0.81,0.9412779,-0.727272727272727,0.8042555,10.163942557047417,3.7814775,11.363636363636363,0.36666666666666664,1.0,0.5365853658536585
sequential,c_mov,rrg,0.7000000000000001,0.3,0.3,1,0.81,0.96712095,-0.727272727272727,0.89040077,9.494298152061733,2.3201056,11.454545454545455,0.36666666666666664,1.0,0.5365853658536585
sequential,c_mov,rrg,0.8,0.3,0.3,1,0.82,0.97962236,-0.636363636363637,0.93207306,7.915768742018586,1.5383742,12.181818181818182,0.3793103448275862,1.0,0.5499999999999999
sequential,c_mov,rrg,0.9,0.3,0.3,1,0.87,0.9891371,-0.181818181818182,0.9637896,5.00391889705173,1.5097933,11.636363636363637,0.4583333333333333,1.0,0.6285714285714286
sequential,c_mov,rrg,1.0,0.3,0.3,1,0.97,0.9730012,0.727272727272727,0.910002,2.501055180893455,1.5469484,6.909090909090909,0.7857142857142857,1.0,0.88
sequential,ov,rrg,0.0,0.3,0.3,2,0.86,0.70000654,0.0,0.0,17.391961113714856,24.041183,51.857142857142854,0.0,0.0,0.0
sequential,ov,rrg,0.1,0.3,0.3,2,0.96,0.72479934,0.7142857142857141,0.08264444,10.798573884614669,20.600021,18.857142857142858,0.9166666666666666,0.7857142857142857,0.8461538461538461
sequential,ov,rrg,0.2,0.3,0.3,2,0.99,0.7439034,0.9285714285714285,0.14632604,8.094000358125419,18.2485,9.214285714285714,1.0,0.9285714285714286,0.962962962962963
sequential,ov,rrg,0.30000000000000004,0.3,0.3,2,1.0,0.7663835,1.0,0.22126144,6.971853950290693,16.39339,7.5,1.0,1.0,1.0
sequential,ov,rrg,0.4,0.3,0.3,2,0.99,0.7873191,0.9285714285714285,0.2910483,5.711427770255946,13.886292,7.5,0.9333333333333333,1.0,0.9655172413793104
sequential,ov,rrg,0.5,0.3,0.3,2,1.0,0.80913943,1.0,0.36378422,4.959619182509398,12.076189,7.5,1.0,1.0,1.0
sequential,ov,rrg,0.6000000000000001,0.3,0.3,2,1.0,0.83659637,1.0,0.45530936,3.667723785393548,9.892111,7.5,1.0,1.0,1.0
sequential,ov,rrg,0.7000000000000001,0.3,0.3,2,1.0,0.8684614,1.0,0.5615283,3.190845624371978,7.676328,7.5,1.0,1.0,1.0
sequential,ov,rrg,0.8,0.3,0.3,2,0.95,0.89899164,0.6428571428571426,0.66329813,2.512524589949607,5.6054378,7.5,0.7368421052631579,1.0,0.8484848484848484
sequential,ov,rrg,0.9,0.3,0.3,2,0.97,0.93515897,0.7857142857142856,0.78385854,2.1143071394079604,3.8698673,7.5,0.8235294117647058,1.0,0.9032258064516129
sequential,ov,rrg,1.0,0.3,0.3,2,0.99,0.9679283,0.9285714285714285,0.893092,1.2490196422936621,1.5633378,7.5,0.9333333333333333,1.0,0.9655172413793104
sequential,mov,rrg,0.0,0.3,0.3,2,0.86,0.70000654,0.0,0.0,17.391961113714856,24.041183,51.857142857142854,0.0,0.0,0.0
sequential,mov,rrg,0.1,0.3,0.3,2,0.82,0.75399935,-0.2857142857142859,0.17997995,12.560735665773135,17.6996,33.5,0.3,0.21428571428571427,0.25
sequential,mov,rrg,0.2,0.3,0.3,2,0.8,0.79742205,-0.4285714285714281,0.32472545,10.006288356446525,13.671517,40.92857142857143,0.2857142857142857,0.2857142857142857,0.2857142857142857
sequential,mov,rrg,0.30000000000000004,0.3,0.3,2,0.81,0.82717013,-0.35714285714285665,0.42388788,8.934175176839211,11.411177,30.285714285714285,0.3333333333333333,0.35714285714285715,0.3448275862068965
sequential,mov,rrg,0.4,0.3,0.3,2,0.82,0.8572706,-0.2857142857142859,0.52422494,7.7323438834243845,9.490158,32.714285714285715,0.375,0.42857142857142855,0.39999999999999997
sequential,mov,rrg,0.5,0.3,0.3,2,0.87,0.88961023,0.07142857142857148,0.6320261,5.3543441643348935,7.1810417,17.285714285714285,0.5238095238095238,0.7857142857142857,0.6285714285714286
sequential,mov,rrg,0.6000000000000001,0.3,0.3,2,0.9,0.9183453,0.2857142857142859,0.72781163,3.9933424251982697,5.4772387,11.857142857142858,0.5833333333333334,1.0,0.7368421052631579
sequential,mov,rrg,0.7000000000000001,0.3,0.3,2,0.9,0.9458624,0.2857142857142859,0.81953746,3.473533951371766,3.9084187,11.928571428571429,0.5833333333333334,1.0,0.7368421052631579
sequential,mov,rrg,0.8,0.3,0.3,2,0.9,0.9716628,0.2857142857142859,0.90554065,2.5696963201179415,2.3635964,13.214285714285714,0.5833333333333334,1.0,0.7368421052631579
sequential,mov,rrg,0.9,0.3,0.3,2,0.9,0.98667985,0.2857142857142859,0.95559853,2.1977272096470277,1.49871,12.0,0.5833333333333334,1.0,0.7368421052631579
sequential,mov,rrg,1.0,0.3,0.3,2,0.99,0.9679283,0.9285714285714285,0.893092,1.2490196422936621,1.5633378,7.5,0.9333333333333333,1.0,0.9655172413793104
sequential,c_mov,rrg,0.0,0.3,0.3,2,0.86,0.70000654,0.0,0.0,17.391961113714856,24.041183,51.857142857142854,0.0,0.0,0.0
sequential,c_mov,rrg,0.1,0.3,0.3,2,0.82,0.75999933,-0.2857142857142859,0.19998033,10.872259894817205,16.78571,49.57142857142857,0.3,0.21428571428571427,0.25
sequential,c_mov,rrg,0.2,0.3,0.3,2,0.77,0.7857265,-0.6428571428571426,0.28573936,6.897453921268555,13.294136,34.0,0.30434782608695654,0.5,0.3783783783783784
sequential,c_mov,rrg,0.30000000000000004,0.3,0.3,2,0.83,0.8250822,-0.21428571428571447,0.4169279,4.221111299721988,10.622008,17.714285714285715,0.4444444444444444,0.8571428571428571,0.5853658536585367
sequential,c_mov,rrg,0.4,0.3,0.3,2,0.84,0.8609395,-0.14285714285714296,0.5364549,3.270191389937052,8.752891,12.714285714285714,0.4666666666666667,1.0,0.6363636363636364
sequential,c_mov,rrg,0.5,0.3,0.3,2,0.85,0.89526564,-0.07142857142857148,0.65087783,2.9316196035687394,6.627078,12.928571428571429,0.4827586206896552,1.0,0.6511627906976745
sequential,c_mov,rrg,0.6000000000000001,0.3,0.3,2,0.85,0.9254551,-0.07142857142857148,0.7515116,2.7778605918146435,5.079776,13.785714285714286,0.4827586206896552,1.0,0.6511627906976745
sequential,c_mov,rrg,0.7000000000000001,0.3,0.3,2,0.84,0.95351946,-0.14285714285714296,0.8450615,2.3627325518325715,3.6339862,13.785714285714286,0.4666666666666667,1.0,0.6363636363636364
sequential,c_mov,rrg,0.8,0.3,0.3,2,0.86,0.9763429,0.0,0.9211413,2.2823978154788453,2.1473317,10.928571428571429,0.5,1.0,0.6666666666666666
sequential,c_mov,rrg,0.9,0.3,0.3,2,0.89,0.9785425,0.21428571428571447,0.9284735,2.071221041907737,1.6789088,8.428571428571429,0.56,1.0,0.717948717948718
sequential,c_mov,rrg,1.0,0.3,0.3,2,0.99,0.9679283,0.9285714285714285,0.893092,1.2490196422936621,1.5633378,7.5,0.9333333333333333,1.0,0.9655172413793104
sequential,ov,rrg,0.0,0.3,0.3,3,0.91,0.7000065,0.0,0.0,12.45134253569159,24.069134,42.22222222222222,0.0,0.0,0.0
sequential,ov,rrg,0.1,0.3,0.3,3,0.98,0.72775406,0.7777777777777775,0.09249391,8.231290717331897,20.925447,12.333333333333334,1.0,0.7777777777777778,0.8750000000000001
sequential,ov,rrg,0.2,0.3,0.3,3,1.0,0.7488332,1.0,0.16275917,6.604689485908263,19.02664,5.0,1.0,1.0,1.0
sequential,ov,rrg,0.30000000000000004,0.3,0.3,3,0.99,0.7729609,0.8888888888888887,0.24318664,5.863636411321645,16.783278,5.0,0.9,1.0,0.9473684210526316
sequential,ov,rrg,0.4,0.3,0.3,3,0.99,0.7916976,0.8888888888888887,0.30564374,4.788596590064471,14.794187,5.0,0.9,1.0,0.9473684210526316
sequential,ov,rrg,0.5,0.3,0.3,3,0.99,0.8193161,0.8888888888888887,0.39770728,3.6847559555136185,12.883196,5.0,0.9,1.0,0.9473684210526316
sequential,ov,rrg,0.6000000000000001,0.3,0.3,3,1.0,0.8478944,1.0,0.4929703,3.2849895456170475,10.690387,5.0,1.0,1.0,1.0
sequential,ov,rrg,0.7000000000000001,0.3,0.3,3,1.0,0.87394965,1.0,0.5798231,3.556995586871099,8.739719,5.0,1.0,1.0,1.0
sequential,ov,rrg,0.8,0.3,0.3,3,1.0,0.9036509,1.0,0.6788293,3.180612196231887,6.524234,5.0,1.0,1.0,1.0
sequential,ov,rrg,0.9,0.3,0.3,3,1.0,0.9346613,1.0,0.78219974,2.7711050464676394,4.2013774,5.0,1.0,1.0,1.0
sequential,ov,rrg,1.0,0.3,0.3,3,1.0,0.95864433,1.0,0.86214477,2.0915559979933183,2.1069317,5.0,1.0,1.0,1.0
sequential,mov,rrg,0.0,0.3,0.3,3,0.91,0.7000065,0.0,0.0,12.45134253569159,24.069134,42.22222222222222,0.0,0.0,0.0
sequential,mov,rrg,0.1,0.3,0.3,3,0.85,0.7612195,-0.6666666666666675,0.2040478,10.43753892309134,17.58144,38.111111111111114,0.125,0.1111111111111111,0.11764705882352941
sequential,mov,rrg,0.2,0.3,0.3,3,0.77,0.81570315,-1.5555555555555562,0.3856639,10.760611997851779,12.413939,44.0,0.0625,0.1111111111111111,0.08
sequential,mov,rrg,0.30000000000000004,0.3,0.3,3,0.78,0.85167146,-1.444444444444445,0.5055608,9.317194864787524,9.856272,28.77777777777778,0.15789473684210525,0.3333333333333333,0.21428571428571427
sequential,mov,rrg,0.4,0.3,0.3,3,0.79,0.8813118,-1.3333333333333337,0.60436404,8.720541609182112,8.1971,19.88888888888889,0.2,0.4444444444444444,0.2758620689655173
sequential,mov,rrg,0.5,0.3,0.3,3,0.82,0.91133165,-1.0000000000000013,0.7044324,6.773674258685555,6.122026,11.88888888888889,0.30434782608695654,0.7777777777777778,0.43750000000000006
sequential,mov,rrg,0.6000000000000001,0.3,0.3,3,0.82,0.94233596,-1.0000000000000013,0.8077824,6.286522066098173,4.161157,10.555555555555555,0.32,0.8888888888888888,0.47058823529411764
sequential,mov,rrg,0.7000000000000001,0.3,0.3,3,0.82,0.9684121,-1.0000000000000013,0.8947047,5.498912568679969,2.46327,9.666666666666666,0.32,0.8888888888888888,0.47058823529411764
sequential,mov,rrg,0.8,0.3,0.3,3,0.83,0.98387694,-0.88888888888889,0.9462553,5.46317957580814,1.5993527,7.222222222222222,0.34615384615384615,1.0,0.5142857142857142
sequential,mov,rrg,0.9,0.3,0.3,3,0.9,0.984964,-0.11111111111111124,0.94987893,3.478024679500865,1.5360572,7.888888888888889,0.47368421052631576,1.0,0.6428571428571429
sequential,mov,rrg,1.0,0.3,0.3,3,1.0,0.95864433,1.0,0.86214477,2.0915559979933183,2.1069317,5.0,1.0,1.0,1.0
sequential,c_mov,rrg,0.0,0.3,0.3,3,0.91,0.7000065,0.0,0.0,12.45134253569159,24.069134,42.22222222222222,0.0,0.0,0.0
sequential,c_mov,rrg,0.1,0.3,0.3,3,0.8,0.74647087,-1.2222222222222225,0.15488462,10.587962934659929,18.35526,41.55555555555556,0.07692307692307693,0.1111111111111111,0.09090909090909093
sequential,c_mov,rrg,0.2,0.3,0.3,3,0.72,0.78771013,-2.1111111111111125,0.2923518,9.365073238784165,13.216641,43.333333333333336,0.12,0.3333333333333333,0.1764705882352941
sequential,c_mov,rrg,0.30000000000000004,0.3,0.3,3,0.79,0.8408261,-1.3333333333333337,0.46940884,7.514618182674585,9.646904,13.333333333333334,0.2857142857142857,0.8888888888888888,0.43243243243243246
sequential,c_mov,rrg,0.4,0.3,0.3,3,0.78,0.8828768,-1.444444444444445,0.60958093,6.677837276221016,6.7503676,13.222222222222221,0.27586206896551724,0.8888888888888888,0.42105263157894735
sequential,c_mov,rrg,0.5,0.3,0.3,3,0.79,0.9150386,-1.3333333333333337,0.7167892,6.108625508712012,5.1666584,9.222222222222221,0.3,1.0,0.4615384615384615
sequential,c_mov,rrg,0.6000000000000001,0.3,0.3,3,0.79,0.9447558,-1.3333333333333337,0.81584865,5.655780823354289,3.7485223,8.88888888888889,0.3,1.0,0.4615384615384615
sequential,c_mov,rrg,0.7000000000000001,0.3,0.3,3,0.79,0.9715271,-1.3333333333333337,0.9050883,5.384265245933598,2.37531,7.555555555555555,0.3,1.0,0.4615384615384615
sequential,c_mov,rrg,0.8,0.3,0.3,3,0.81,0.98430496,-1.1111111111111112,0.9476821,5.359662289979801,1.5891855,8.666666666666666,0.32142857142857145,1.0,0.4864864864864865
sequential,c_mov,rrg,0.9,0.3,0.3,3,0.9,0.9714273,-0.11111111111111124,0.90475565,4.21378974174401,1.2701296,5.777777777777778,0.47368421052631576,1.0,0.6428571428571429
sequential,c_mov,rrg,1.0,0.3,0.3,3,1.0,0.95864433,1.0,0.86214477,2.0915559979933183,2.1069317,5.0,1.0,1.0,1.0
sequential,ov,rrg,0.0,0.3,0.3,4,0.89,0.70000654,0.0,0.0,12.493604993115515,24.045008,41.81818181818182,0.0,0.0,0.0
sequential,ov,rrg,0.1,0.3,0.3,4,0.95,0.7282244,0.545454545454545,0.09406156,8.943844312882147,20.795584,20.09090909090909,1.0,0.5454545454545454,0.7058823529411764
sequential,ov,rrg,0.2,0.3,0.3,4,1.0,0.75260806,1.0,0.17534222,6.779131366707568,18.307287,6.0,1.0,1.0,1.0
sequential,ov,rrg,0.30000000000000004,0.3,0.3,4,1.0,0.77584356,1.0,0.25279558,6.035962470216344,16.570543,6.0,1.0,1.0,1.0
sequential,ov,rrg,0.4,0.3,0.3,4,0.98,0.80127573,0.818181818181818,0.33757132,5.5472469434954075,14.340307,6.0,0.8461538461538461,1.0,0.9166666666666666
sequential,ov,rrg,0.5,0.3,0.3,4,1.0,0.831271,1.0,0.4375577,4.513330587994077,12.561301,6.0,1.0,1.0,1.0
sequential,ov,rrg,0.6000000000000001,0.3,0.3,4,0.99,0.8643581,0.909090909090909,0.54785055,4.877700269911877,9.668417,6.0,0.9166666666666666,1.0,0.9565217391304348
sequential,ov,rrg,0.7000000000000001,0.3,0.3,4,0.99,0.88662964,0.909090909090909,0.6220906,3.5978689631665084,7.581988,6.0,0.9166666666666666,1.0,0.9565217391304348
sequential,ov,rrg,0.8,0.3,0.3,4,1.0,0.9129775,1.0,0.70991874,2.5628527400763503,6.036368,6.0,1.0,1.0,1.0
sequential,ov,rrg,0.9,0.3,0.3,4,1.0,0.94067603,1.0,0.80224913,2.19532075475375,4.2631445,6.0,1.0,1.0,1.0
sequential,ov,rrg,1.0,0.3,0.3,4,0.98,0.97005826,0.818181818181818,0.900192,1.2405052627498652,1.9454874,6.181818181818182,0.8461538461538461,1.0,0.9166666666666666
sequential,mov,rrg,0.0,0.3,0.3,4,0.89,0.70000654,0.0,0.0,12.493604993115515,24.045008,41.81818181818182,0.0,0.0,0.0
sequential,mov,rrg,0.1,0.3,0.3,4,0.83,0.7605716,-0.545454545454546,0.20188792,11.034400530894402,17.809624,39.45454545454545,0.125,0.09090909090909091,0.10526315789473685
sequential,mov,rrg,0.2,0.3,0.3,4,0.8,0.8052714,-0.818181818181818,0.35089046,9.986326625199336,13.649723,42.54545454545455,0.15384615384615385,0.18181818181818182,0.16666666666666669
sequential,mov,rrg,0.30000000000000004,0.3,0.3,4,0.78,0.84132844,-1.0,0.47108325,9.336634894844002,10.833438,38.72727272727273,0.13333333333333333,0.18181818181818182,0.15384615384615383
sequential,mov,rrg,0.4,0.3,0.3,4,0.81,0.8709717,-0.727272727272727,0.5698962,7.843868726305921,8.790287,26.636363636363637,0.2777777777777778,0.45454545454545453,0.3448275862068966
sequential,mov,rrg,0.5,0.3,0.3,4,0.84,0.8999211,-0.45454545454545503,0.66639644,6.879465697812927,7.158899,19.0,0.38095238095238093,0.7272727272727273,0.5
sequential,mov,rrg,0.6000000000000001,0.3,0.3,4,0.86,0.9274591,-0.272727272727273,0.75819176,6.203877373208252,5.2833767,15.090909090909092,0.43478260869565216,0.9090909090909091,0.5882352941176471
sequential,mov,rrg,0.7000000000000001,0.3,0.3,4,0.86,0.9535234,-0.272727272727273,0.8450746,5.294971992194426,3.6562214,14.090909090909092,0.43478260869565216,0.9090909090909091,0.5882352941176471
sequential,mov,rrg,0.8,0.3,0.3,4,0.87,0.9785052,-0.181818181818182,0.9283491,3.9904720461860785,2.0729177,11.181818181818182,0.4583333333333333,1.0,0.6285714285714286
sequential,mov,rrg,0.9,0.3,0.3,4,0.9,0.98397356,0.090909090909091,0.94657737,2.9687085183262365,1.8568721,9.636363636363637,0.5238095238095238,1.0,0.6875000000000001
sequential,mov,rrg,1.0,0.3,0.3,4,0.98,0.97005826,0.818181818181818,0.900192,1.2405052627498652,1.9454874,6.181818181818182,0.8461538461538461,1.0,0.9166666666666666
sequential,c_mov,rrg,0.0,0.3,0.3,4,0.89,0.70000654,0.0,0.0,12.493604993115515,24.045008,41.81818181818182,0.0,0.0,0.0
sequential,c_mov,rrg,0.1,0.3,0.3,4,0.79,0.75137174,-0.909090909090909,0.17122106,8.891525839522608,17.849861,37.45454545454545,0.08333333333333333,0.09090909090909091,0.08695652173913043
sequential,c_mov,rrg,0.2,0.3,0.3,4,0.78,0.7952603,-1.0,0.3175195,7.8873032148647155,13.433005,24.545454545454547,0.2608695652173913,0.5454545454545454,0.3529411764705882
sequential,c_mov,rrg,0.30000000000000004,0.3,0.3,4,0.81,0.8251474,-0.727272727272727,0.41714525,5.8905748057753,10.990857,9.454545454545455,0.35714285714285715,0.9090909090909091,0.5128205128205129
sequential,c_mov,rrg,0.4,0.3,0.3,4,0.79,0.86329865,-0.909090909090909,0.5443189,6.140173893359562,8.675067,14.727272727272727,0.3333333333333333,0.9090909090909091,0.4878048780487804
sequential,c_mov,rrg,0.5,0.3,0.3,4,0.79,0.8944138,-0.909090909090909,0.64803845,5.875998775572942,6.746368,13.636363636363637,0.3333333333333333,0.9090909090909091,0.4878048780487804
sequential,c_mov,rrg,0.6000000000000001,0.3,0.3,4,0.79,0.9239493,-0.909090909090909,0.74649215,5.617089266885749,5.231624,13.090909090909092,0.3333333333333333,0.9090909090909091,0.4878048780487804
sequential,c_mov,rrg,0.7000000000000001,0.3,0.3,4,0.8,0.9516967,-0.818181818181818,0.83898544,4.586700899762441,3.6374652,13.545454545454545,0.3448275862068966,0.9090909090909091,0.5000000000000001
sequential,c_mov,rrg,0.8,0.3,0.3,4,0.83,0.97369784,-0.545454545454546,0.91232425,3.5162186947982623,2.2026281,9.636363636363637,0.39285714285714285,1.0,0.5641025641025641
sequential,c_mov,rrg,0.9,0.3,0.3,4,0.88,0.9814906,-0.090909090909091,0.93830067,3.3130365153587427,1.3120942,9.636363636363637,0.4782608695652174,1.0,0.6470588235294118
sequential,c_mov,rrg,1.0,0.3,0.3,4,0.98,0.97005826,0.818181818181818,0.900192,1.2405052627498652,1.9454874,6.181818181818182,0.8461538461538461,1.0,0.9166666666666666
random,ov,rrg,0.0,0.3,0.3,0,0.92,0.7000065,0.0,0.0,11.990204379088105,24.022568,57.625,0.0,0.0,0.0
random,ov,rrg,0.1,0.3,0.3,0,0.92,0.7243174,0.0,0.08103804,10.797597126026876,21.025137,49.0,0.5,0.25,0.3333333333333333
random,ov,rrg,0.2,0.3,0.3,0,0.86,0.75431925,-0.750000000000001,0.18104647,10.505959810264761,17.608675,39.0,0.125,0.125,0.125
random,ov,rrg,0.30000000000000004,0.3,0.3,0,0.88,0.75747955,-0.5000000000000007,0.19158103,8.481336319670488,16.62291,28.5,0.3333333333333333,0.5,0.4
random,ov,rrg,0.4,0.3,0.3,0,0.88,0.7970572,-0.5000000000000007,0.32350942,7.843670877066436,12.3560915,12.0,0.3888888888888889,0.875,0.5384615384615385
random,ov,rrg,0.5,0.3,0.3,0,0.86,0.85571533,-0.750000000000001,0.5190407,7.327322451816474,9.8397045,14.375,0.3333333333333333,0.75,0.46153846153846156
random,ov,rrg,0.6000000000000001,0.3,0.3,0,0.87,0.8931462,-0.6250000000000009,0.643813,7.1636356968874635,7.3259315,12.25,0.35294117647058826,0.75,0.48
random,ov,rrg,0.7000000000000001,0.3,0.3,0,0.88,0.8934223,-0.5000000000000007,0.6447333,7.289700543851131,6.696014,10.875,0.35714285714285715,0.625,0.45454545454545453
random,ov,rrg,0.8,0.3,0.3,0,0.94,0.9345071,0.24999999999999895,0.78168553,3.885675738470894,4.7004466,4.875,0.5714285714285714,1.0,0.7272727272727273
random,ov,rrg,0.9,0.3,0.3,0,0.97,0.9522168,0.6249999999999994,0.8407192,3.911858819731979,3.474742,4.5,0.7272727272727273,1.0,0.8421052631578948
random,ov,rrg,1.0,0.3,0.3,0,1.0,0.9755521,1.0,0.9185052,1.9110053316285627,2.1408782,4.5,1.0,1.0,1.0
random,mov,rrg,0.0,0.3,0.3,0,0.92,0.7000065,0.0,0.0,11.990204379088105,24.022568,57.625,0.0,0.0,0.0
random,mov,rrg,0.1,0.3,0.3,0,0.92,0.7265696,0.0,0.088545606,11.069215719623644,20.56781,35.75,0.5,0.375,0.42857142857142855
random,mov,rrg,0.2,0.3,0.3,0,0.83,0.7551286,-1.1250000000000016,0.18374443,11.56786468658968,17.348946,40.125,0.15384615384615385,0.25,0.1904761904761905
random,mov,rrg,0.30000000000000004,0.3,0.3,0,0.86,0.78898084,-0.750000000000001,0.2965876,9.541321479916151,15.55419,20.625,0.25,0.375,0.3
random,mov,rrg,0.4,0.3,0.3,0,0.84,0.8147479,-1.0000000000000013,0.38247976,9.197244239504611,12.644731,20.125,0.25,0.5,0.3333333333333333
random,mov,rrg,0.5,0.3,0.3,0,0.87,0.8569565,-0.6250000000000009,0.523178,7.114741892735529,8.987082,12.25,0.35294117647058826,0.75,0.48
random,mov,rrg,0.6000000000000001,0.3,0.3,0,0.91,0.8755038,-0.12500000000000017,0.5850036,6.047500805982827,8.435537,8.625,0.4666666666666667,0.875,0.608695652173913
random,mov,rrg,0.7000000000000001,0.3,0.3,0,0.91,0.9123919,-0.12500000000000017,0.7079667,5.775154343335691,6.679821,8.0,0.4666666666666667,0.875,0.608695652173913
random,mov,rrg,0.8,0.3,0.3,0,0.95,0.93536377,0.3749999999999991,0.78454125,4.599928080709794,4.709314,5.75,0.6153846153846154,1.0,0.761904761904762
random,mov,rrg,0.9,0.3,0.3,0,0.95,0.96846366,0.3749999999999991,0.8948766,2.8972788818711903,2.8827364,5.75,0.6153846153846154,1.0,0.761904761904762
random,mov,rrg,1.0,0.3,0.3,0,1.0,0.9755521,1.0,0.9185052,1.9110053316285627,2.1408782,4.5,1.0,1.0,1.0
random,c_mov,rrg,0.0,0.3,0.3,0,0.92,0.7000065,0.0,0.0,11.990204379088105,24.022568,57.625,0.0,0.0,0.0
random,c_mov,rrg,0.1,0.3,0.3,0,0.92,0.70862544,0.0,0.028730458,11.231698116571312,20.973797,45.625,0.5,0.25,0.3333333333333333
random,c_mov,rrg,0.2,0.3,0.3,0,0.84,0.74811846,-1.0000000000000013,0.16037671,9.380230020192304,18.245773,37.875,0.1,0.125,0.11111111111111112
random,c_mov,rrg,0.30000000000000004,0.3,0.3,0,0.9,0.7694184,-0.25000000000000033,0.23137811,9.38331703460574,15.547202,25.375,0.4,0.5,0.4444444444444445
random,c_mov,rrg,0.4,0.3,0.3,0,0.89,0.8075798,-0.3750000000000005,0.3585855,7.8786799453508225,12.811139,19.0,0.36363636363636365,0.5,0.4210526315789474
random,c_mov,rrg,0.5,0.3,0.3,0,0.92,0.83755493,0.0,0.45850474,6.773487595615495,10.559845,12.125,0.5,0.75,0.6
random,c_mov,rrg,0.6000000000000001,0.3,0.3,0,0.89,0.8665669,-0.3750000000000005,0.5552134,5.161350039710478,8.316843,7.875,0.4117647058823529,0.875,0.56
random,c_mov,rrg,0.7000000000000001,0.3,0.3,0,0.92,0.90118223,0.0,0.67060035,4.928614855247218,6.5591717,8.5,0.5,0.875,0.6363636363636364
random,c_mov,rrg,0.8,0.3,0.3,0,0.95,0.941568,0.3749999999999991,0.8052225,4.2769721546671615,4.4405904,5.5,0.6153846153846154,1.0,0.761904761904762
random,c_mov,rrg,0.9,0.3,0.3,0,0.98,0.95901513,0.7499999999999997,0.8633808,2.927529165678107,2.8709278,4.75,0.8,1.0,0.888888888888889
random,c_mov,rrg,1.0,0.3,0.3,0,1.0,0.9755521,1.0,0.9185052,1.9110053316285627,2.1408782,4.5,1.0,1.0,1.0
random,ov,rrg,0.0,0.3,0.3,1,0.86,0.7000065,0.0,0.0,15.908126392751832,24.063135,43.357142857142854,0.0,0.0,0.0
random,ov,rrg,0.1,0.3,0.3,1,0.82,0.7101907,-0.2857142857142859,0.03394816,13.65570659291782,21.206484,61.92857142857143,0.0,0.0,0.0
random,ov,rrg,0.2,0.3,0.3,1,0.76,0.74656624,-0.7142857142857141,0.15520252,11.372717531638559,17.455805,39.785714285714285,0.1875,0.21428571428571427,0.19999999999999998
random,ov,rrg,0.30000000000000004,0.3,0.3,1,0.81,0.76745343,-0.35714285714285665,0.22482802,9.163822532564614,15.023917,27.142857142857142,0.3684210526315789,0.5,0.4242424242424242
random,ov,rrg,0.4,0.3,0.3,1,0.84,0.8048447,-0.14285714285714296,0.3494682,8.337267549081227,12.598209,24.285714285714285,0.4375,0.5,0.4666666666666667
random,ov,rrg,0.5,0.3,0.3,1,0.82,0.8192828,-0.2857142857142859,0.39759642,6.919214320375602,11.303298,19.642857142857142,0.4090909090909091,0.6428571428571429,0.5000000000000001
random,ov,rrg,0.6000000000000001,0.3,0.3,1,0.86,0.86728424,0.0,0.55760455,7.055313940349357,8.306192,14.785714285714286,0.5,0.7857142857142857,0.6111111111111112
random,ov,rrg,0.7000000000000001,0.3,0.3,1,0.87,0.8812297,0.07142857142857148,0.60409045,4.630058593842583,7.2164903,10.571428571428571,0.52,0.9285714285714286,0.6666666666666666
random,ov,rrg,0.8,0.3,0.3,1,0.95,0.90784,0.6428571428571426,0.6927934,3.835203883169909,5.618896,9.0,0.7647058823529411,0.9285714285714286,0.8387096774193549
random,ov,rrg,0.9,0.3,0.3,1,0.93,0.9563655,0.5000000000000004,0.85454863,3.5856016125297594,3.111899,8.428571428571429,0.6842105263157895,0.9285714285714286,0.7878787878787878
random,ov,rrg,1.0,0.3,0.3,1,0.99,0.9648824,0.9285714285714285,0.88293874,2.328625278288582,2.10716,7.5,0.9333333333333333,1.0,0.9655172413793104
random,mov,rrg,0.0,0.3,0.3,1,0.86,0.7000065,0.0,0.0,15.908126392751832,24.063135,43.357142857142854,0.0,0.0,0.0
random,mov,rrg,0.1,0.3,0.3,1,0.81,0.70541143,-0.35714285714285665,0.018016886,13.386024921752044,21.816212,50.785714285714285,0.14285714285714285,0.07142857142857142,0.09523809523809523
random,mov,rrg,0.2,0.3,0.3,1,0.83,0.7437103,-0.21428571428571447,0.14568247,11.056546247768917,18.302454,33.714285714285715,0.38461538461538464,0.35714285714285715,0.3703703703703704
random,mov,rrg,0.30000000000000004,0.3,0.3,1,0.86,0.7826288,0.0,0.27541357,9.427978287545448,14.86905,22.0,0.5,0.6428571428571429,0.5625000000000001
random,mov,rrg,0.4,0.3,0.3,1,0.88,0.79913694,0.14285714285714296,0.33044198,6.843813149039815,13.722359,19.285714285714285,0.5625,0.6428571428571429,0.6000000000000001
random,mov,rrg,0.5,0.3,0.3,1,0.87,0.83176476,0.07142857142857148,0.43920374,7.7881188618313875,11.17782,24.642857142857142,0.5333333333333333,0.5714285714285714,0.5517241379310344
random,mov,rrg,0.6000000000000001,0.3,0.3,1,0.89,0.84589857,0.21428571428571447,0.48631746,5.246933157616464,9.282596,14.714285714285714,0.5882352941176471,0.7142857142857143,0.6451612903225806
random,mov,rrg,0.7000000000000001,0.3,0.3,1,0.88,0.90789175,0.14285714285714296,0.69296587,5.831030913348826,5.8352547,11.785714285714286,0.55,0.7857142857142857,0.6470588235294117
random,mov,rrg,0.8,0.3,0.3,1,0.92,0.91140795,0.42857142857142894,0.70468676,4.385921838487744,5.2977047,11.0,0.6875,0.7857142857142857,0.7333333333333334
random,mov,rrg,0.9,0.3,0.3,1,0.95,0.94223666,0.6428571428571426,0.80745137,3.2620417536796684,3.6610482,8.571428571428571,0.8,0.8571428571428571,0.8275862068965518
random,mov,rrg,1.0,0.3,0.3,1,0.99,0.9648824,0.9285714285714285,0.88293874,2.328625278288582,2.10716,7.5,0.9333333333333333,1.0,0.9655172413793104
random,c_mov,rrg,0.0,0.3,0.3,1,0.86,0.7000065,0.0,0.0,15.908126392751832,24.063135,43.357142857142854,0.0,0.0,0.0
random,c_mov,rrg,0.1,0.3,0.3,1,0.85,0.7182173,-0.07142857142857148,0.060704075,13.240787641441434,20.688606,41.42857142857143,0.42857142857142855,0.21428571428571427,0.2857142857142857
random,c_mov,rrg,0.2,0.3,0.3,1,0.84,0.7485994,-0.14285714285714296,0.16197991,11.696834890822153,18.162178,37.07142857142857,0.4,0.2857142857142857,0.3333333333333333
random,c_mov,rrg,0.30000000000000004,0.3,0.3,1,0.85,0.77557355,-0.07142857142857148,0.25189567,10.520810771915462,15.671647,30.0,0.45454545454545453,0.35714285714285715,0.4
random,c_mov,rrg,0.4,0.3,0.3,1,0.84,0.7909644,-0.14285714285714296,0.30319968,8.171460312754276,13.636736,27.071428571428573,0.4444444444444444,0.5714285714285714,0.5
random,c_mov,rrg,0.5,0.3,0.3,1,0.86,0.84682035,0.0,0.48939013,6.659432424185667,10.125307,16.142857142857142,0.5,0.6428571428571429,0.5625000000000001
random,c_mov,rrg,0.6000000000000001,0.3,0.3,1,0.85,0.86424834,-0.07142857142857148,0.5474847,6.166150656677896,8.544291,16.142857142857142,0.47368421052631576,0.6428571428571429,0.5454545454545454
random,c_mov,rrg,0.7000000000000001,0.3,0.3,1,0.92,0.88071764,0.42857142857142894,0.6023835,4.535597349207491,6.800217,10.285714285714286,0.65,0.9285714285714286,0.7647058823529412
random,c_mov,rrg,0.8,0.3,0.3,1,0.88,0.91982925,0.14285714285714296,0.7327584,5.588048551192209,4.8852553,9.5,0.5454545454545454,0.8571428571428571,0.6666666666666665
random,c_mov,rrg,0.9,0.3,0.3,1,0.95,0.9383731,0.6428571428571426,0.79457253,2.539212215441617,3.3426864,8.642857142857142,0.8,0.8571428571428571,0.8275862068965518
random,c_mov,rrg,1.0,0.3,0.3,1,0.99,0.9648824,0.9285714285714285,0.88293874,2.328625278288582,2.10716,7.5,0.9333333333333333,1.0,0.9655172413793104
random,ov,rrg,0.0,0.3,0.3,2,0.91,0.7000065,0.0,0.0,13.990944446460144,24.040504,47.0,0.0,0.0,0.0
random,ov,rrg,0.1,0.3,0.3,2,0.9,0.725901,-0.11111111111111124,0.08631694,9.575526524724078,20.524408,24.77777777777778,0.4444444444444444,0.4444444444444444,0.4444444444444444
random,ov,rrg,0.2,0.3,0.3,2,0.91,0.75384325,0.0,0.17945975,10.921076741913412,18.569231,27.555555555555557,0.5,0.3333333333333333,0.4
random,ov,rrg,0.30000000000000004,0.3,0.3,2,0.85,0.7730555,-0.6666666666666675,0.24350196,11.056746418523629,15.104818,29.22222222222222,0.3125,0.5555555555555556,0.39999999999999997
random,ov,rrg,0.4,0.3,0.3,2,0.86,0.81911826,-0.5555555555555562,0.39704785,7.473071164652534,12.484605,18.333333333333332,0.35294117647058826,0.6666666666666666,0.46153846153846156
random,ov,rrg,0.5,0.3,0.3,2,0.91,0.85166854,0.0,0.5055511,10.557692579201836,9.697297,8.222222222222221,0.5,0.7777777777777778,0.6086956521739131
random,ov,rrg,0.6000000000000001,0.3,0.3,2,0.92,0.87524,0.11111111111111124,0.58412445,6.088667633152875,7.7143254,8.444444444444445,0.5333333333333333,0.8888888888888888,0.6666666666666667
random,ov,rrg,0.7000000000000001,0.3,0.3,2,0.91,0.90422213,0.0,0.68073356,6.302969056623688,6.160642,7.666666666666667,0.5,0.8888888888888888,0.64
random,ov,rrg,0.8,0.3,0.3,2,0.96,0.92990774,0.555555555555555,0.7663541,3.5652046495953265,5.4020624,5.222222222222222,0.6923076923076923,1.0,0.8181818181818181
random,ov,rrg,0.9,0.3,0.3,2,0.95,0.95335597,0.44444444444444375,0.8445165,3.513888231343153,3.6919088,5.0,0.6428571428571429,1.0,0.782608695652174
random,ov,rrg,1.0,0.3,0.3,2,1.0,0.9779265,1.0,0.92642003,1.987822703159908,2.1884606,5.0,1.0,1.0,1.0
random,mov,rrg,0.0,0.3,0.3,2,0.91,0.7000065,0.0,0.0,13.990944446460144,24.040504,47.0,0.0,0.0,0.0
random,mov,rrg,0.1,0.3,0.3,2,0.87,0.71613014,-0.444444444444445,0.05374667,12.519747924932078,21.291065,29.444444444444443,0.16666666666666666,0.1111111111111111,0.13333333333333333
random,mov,rrg,0.2,0.3,0.3,2,0.97,0.7561414,0.6666666666666663,0.18712051,7.511894246130902,18.439924,21.666666666666668,1.0,0.6666666666666666,0.8
random,mov,rrg,0.30000000000000004,0.3,0.3,2,0.87,0.78964806,-0.444444444444445,0.2988117,11.229824393401792,14.419809,37.0,0.3,0.3333333333333333,0.3157894736842105
random,mov,rrg,0.4,0.3,0.3,2,0.88,0.8100496,-0.33333333333333376,0.36681828,11.141668237185549,12.841317,13.666666666666666,0.4117647058823529,0.7777777777777778,0.5384615384615384
random,mov,rrg,0.5,0.3,0.3,2,0.85,0.8251043,-0.6666666666666675,0.41700172,7.031083545800937,10.752554,14.333333333333334,0.3333333333333333,0.6666666666666666,0.4444444444444444
random,mov,rrg,0.6000000000000001,0.3,0.3,2,0.89,0.88042116,-0.2222222222222225,0.60139525,7.287457040780989,7.8581944,8.0,0.4375,0.7777777777777778,0.56
random,mov,rrg,0.7000000000000001,0.3,0.3,2,0.94,0.8917716,0.33333333333333254,0.6392309,5.606373179769309,7.46371,8.11111111111111,0.6153846153846154,0.8888888888888888,0.7272727272727274
random,mov,rrg,0.8,0.3,0.3,2,0.97,0.91603506,0.6666666666666663,0.7201108,3.6157769164946485,5.680116,5.0,0.75,1.0,0.8571428571428571
random,mov,rrg,0.9,0.3,0.3,2,0.97,0.9437639,0.6666666666666663,0.8125423,3.221837648244971,3.9264512,5.0,0.75,1.0,0.8571428571428571
random,mov,rrg,1.0,0.3,0.3,2,1.0,0.9779265,1.0,0.92642003,1.987822703159908,2.1884606,5.0,1.0,1.0,1.0
random,c_mov,rrg,0.0,0.3,0.3,2,0.91,0.7000065,0.0,0.0,13.990944446460144,24.040504,47.0,0.0,0.0,0.0
random,c_mov,rrg,0.1,0.3,0.3,2,0.88,0.7338269,-0.33333333333333376,0.112737074,12.294508682903075,20.26359,37.55555555555556,0.2,0.1111111111111111,0.14285714285714285
random,c_mov,rrg,0.2,0.3,0.3,2,0.86,0.7552844,-0.5555555555555562,0.1842638,13.96290861901869,17.089245,40.888888888888886,0.2222222222222222,0.2222222222222222,0.2222222222222222
random,c_mov,rrg,0.30000000000000004,0.3,0.3,2,0.91,0.7783558,0.0,0.26116994,9.428884960668038,15.772954,20.22222222222222,0.5,0.6666666666666666,0.5714285714285715
random,c_mov,rrg,0.4,0.3,0.3,2,0.87,0.81379026,-0.444444444444445,0.37928745,10.951590441458114,12.584892,19.555555555555557,0.3333333333333333,0.4444444444444444,0.380952380952381
random,c_mov,rrg,0.5,0.3,0.3,2,0.9,0.8348172,-0.11111111111111124,0.44937867,6.8944132483903715,10.96678,17.555555555555557,0.45454545454545453,0.5555555555555556,0.5
random,c_mov,rrg,0.6000000000000001,0.3,0.3,2,0.91,0.8726272,0.0,0.57541484,7.431222163223551,7.3118105,10.333333333333334,0.5,0.7777777777777778,0.6086956521739131
random,c_mov,rrg,0.7000000000000001,0.3,0.3,2,0.91,0.8976497,0.0,0.658825,5.699914850161044,6.265067,8.777777777777779,0.5,0.8888888888888888,0.64
random,c_mov,rrg,0.8,0.3,0.3,2,0.93,0.9323771,0.2222222222222225,0.7745855,3.1177595538131406,4.8030486,6.444444444444445,0.5714285714285714,0.8888888888888888,0.6956521739130435
random,c_mov,rrg,0.9,0.3,0.3,2,0.98,0.9555397,0.7777777777777775,0.8517958,2.9511342885824496,3.6392019,5.0,0.8181818181818182,1.0,0.9
random,c_mov,rrg,1.0,0.3,0.3,2,1.0,0.9779265,1.0,0.92642003,1.987822703159908,2.1884606,5.0,1.0,1.0,1.0
random,ov,rrg,0.0,0.3,0.3,3,0.89,0.70000654,0.0,0.0,13.210892323428295,24.017132,55.0,0.0,0.0,0.0
random,ov,rrg,0.1,0.3,0.3,3,0.88,0.711581,-0.090909090909091,0.038582332,10.77496474909601,21.296965,39.27272727272727,0.42857142857142855,0.2727272727272727,0.33333333333333326
random,ov,rrg,0.2,0.3,0.3,3,0.87,0.75145495,-0.181818181818182,0.17149842,8.728586081473754,18.434748,31.545454545454547,0.4,0.36363636363636365,0.380952380952381
random,ov,rrg,0.30000000000000004,0.3,0.3,3,0.84,0.77747893,-0.45454545454545503,0.25824693,8.291773195233022,15.117197,25.454545454545453,0.3333333333333333,0.45454545454545453,0.3846153846153846
random,ov,rrg,0.4,0.3,0.3,3,0.87,0.8295064,-0.181818181818182,0.43167558,8.029793613212094,11.349765,18.454545454545453,0.4375,0.6363636363636364,0.5185185185185185
random,ov,rrg,0.5,0.3,0.3,3,0.84,0.85591555,-0.45454545454545503,0.51970804,7.9240706094860025,8.791201,14.727272727272727,0.38095238095238093,0.7272727272727273,0.5
random,ov,rrg,0.6000000000000001,0.3,0.3,3,0.93,0.86433065,0.363636363636364,0.54775894,4.9559844940757145,9.723583,11.909090909090908,0.6428571428571429,0.8181818181818182,0.7200000000000001
random,ov,rrg,0.7000000000000001,0.3,0.3,3,0.88,0.8991774,-0.090909090909091,0.66391724,4.122018902886932,6.0151105,9.0,0.47368421052631576,0.8181818181818182,0.6
random,ov,rrg,0.8,0.3,0.3,3,0.94,0.9214224,0.454545454545454,0.738069,3.5687528617235222,5.5968347,6.0,0.6470588235294118,1.0,0.7857142857142858
random,ov,rrg,0.9,0.3,0.3,3,0.98,0.94678026,0.818181818181818,0.822597,3.697856952233881,3.582329,6.363636363636363,0.9090909090909091,0.9090909090909091,0.9090909090909091
random,ov,rrg,1.0,0.3,0.3,3,1.0,0.97399384,1.0,0.9133109,1.8024541863735846,2.2461317,6.0,1.0,1.0,1.0
random,mov,rrg,0.0,0.3,0.3,3,0.89,0.70000654,0.0,0.0,13.210892323428295,24.017132,55.0,0.0,0.0,0.0
random,mov,rrg,0.1,0.3,0.3,3,0.88,0.7236174,-0.090909090909091,0.078704484,10.088189605910234,20.98439,34.36363636363637,0.42857142857142855,0.2727272727272727,0.33333333333333326
random,mov,rrg,0.2,0.3,0.3,3,0.9,0.7527011,0.090909090909091,0.17565235,9.733606094925467,18.130735,24.272727272727273,0.5454545454545454,0.5454545454545454,0.5454545454545454
random,mov,rrg,0.30000000000000004,0.3,0.3,3,0.89,0.7901519,0.0,0.30049106,8.967860610964147,15.172686,22.0,0.5,0.45454545454545453,0.47619047619047616
random,mov,rrg,0.4,0.3,0.3,3,0.84,0.8004132,-0.45454545454545503,0.3346961,5.878802191513525,13.182003,18.545454545454547,0.3684210526315789,0.6363636363636364,0.4666666666666667
random,mov,rrg,0.5,0.3,0.3,3,0.9,0.8522984,0.090909090909091,0.5076505,6.938419299382968,10.426914,15.363636363636363,0.5333333333333333,0.7272727272727273,0.6153846153846153
random,mov,rrg,0.6000000000000001,0.3,0.3,3,0.91,0.87502563,0.181818181818182,0.58340967,5.007631720168708,9.143401,11.545454545454545,0.5714285714285714,0.7272727272727273,0.64
random,mov,rrg,0.7000000000000001,0.3,0.3,3,0.92,0.8996266,0.272727272727273,0.66541475,4.247959537708279,6.520305,9.363636363636363,0.5882352941176471,0.9090909090909091,0.7142857142857143
random,mov,rrg,0.8,0.3,0.3,3,0.96,0.92391104,0.636363636363636,0.7463646,3.0716333060094883,5.255691,7.0,0.7692307692307693,0.9090909090909091,0.8333333333333333
random,mov,rrg,0.9,0.3,0.3,3,0.96,0.9538188,0.636363636363636,0.8460593,3.613163107168633,2.7593086,7.090909090909091,0.7692307692307693,0.9090909090909091,0.8333333333333333
random,mov,rrg,1.0,0.3,0.3,3,1.0,0.97399384,1.0,0.9133109,1.8024541863735846,2.2461317,6.0,1.0,1.0,1.0
random,c_mov,rrg,0.0,0.3,0.3,3,0.89,0.70000654,0.0,0.0,13.210892323428295,24.017132,55.0,0.0,0.0,0.0
random,c_mov,rrg,0.1,0.3,0.3,3,0.84,0.73077583,-0.45454545454545503,0.10256653,12.112564617741302,19.955866,52.18181818181818,0.14285714285714285,0.09090909090909091,0.1111111111111111
random,c_mov,rrg,0.2,0.3,0.3,3,0.89,0.7538732,0.0,0.17955953,8.458911063287337,17.783894,19.545454545454547,0.5,0.6363636363636364,0.56
random,c_mov,rrg,0.30000000000000004,0.3,0.3,3,0.86,0.7989223,-0.272727272727273,0.32972637,10.841457281156918,14.1118765,32.09090909090909,0.3333333333333333,0.2727272727272727,0.3
random,c_mov,rrg,0.4,0.3,0.3,3,0.91,0.82150495,0.181818181818182,0.40500352,5.235941779847049,11.995883,10.0,0.5625,0.8181818181818182,0.6666666666666666
random,c_mov,rrg,0.5,0.3,0.3,3,0.84,0.8458781,-0.45454545454545503,0.4862492,6.623576816963918,9.74677,15.727272727272727,0.3684210526315789,0.6363636363636364,0.4666666666666667
random,c_mov,rrg,0.6000000000000001,0.3,0.3,3,0.87,0.88234544,-0.181818181818182,0.60780954,4.778250515919954,6.7786837,11.545454545454545,0.4444444444444444,0.7272727272727273,0.5517241379310345
random,c_mov,rrg,0.7000000000000001,0.3,0.3,3,0.9,0.904973,0.090909090909091,0.6832363,5.523305432129583,5.6470795,10.818181818181818,0.5294117647058824,0.8181818181818182,0.6428571428571428
random,c_mov,rrg,0.8,0.3,0.3,3,0.95,0.9310551,0.545454545454545,0.77017874,2.8133984692354654,4.8555856,8.0,0.75,0.8181818181818182,0.7826086956521738
random,c_mov,rrg,0.9,0.3,0.3,3,0.98,0.9572334,0.818181818181818,0.85744166,2.377131511472037,3.0717523,6.0,0.8461538461538461,1.0,0.9166666666666666
random,c_mov,rrg,1.0,0.3,0.3,3,1.0,0.97399384,1.0,0.9133109,1.8024541863735846,2.2461317,6.0,1.0,1.0,1.0
random,ov,rrg,0.0,0.3,0.3,4,0.92,0.70000654,0.0,0.0,12.685022942315605,24.025301,54.0,0.0,0.0,0.0
random,ov,rrg,0.1,0.3,0.3,4,0.91,0.73031163,-0.12500000000000017,0.10101916,10.088857485228793,19.78402,54.375,0.4,0.25,0.3076923076923077
random,ov,rrg,0.2,0.3,0.3,4,0.9,0.7416022,-0.25000000000000033,0.13865516,8.86037895824045,17.351782,22.625,0.4,0.5,0.4444444444444445
random,ov,rrg,0.30000000000000004,0.3,0.3,4,0.85,0.78871566,-0.8750000000000012,0.2957035,9.393493646839408,14.500122,27.375,0.18181818181818182,0.25,0.2105263157894737
random,ov,rrg,0.4,0.3,0.3,4,0.87,0.81984705,-0.6250000000000009,0.39947706,6.9825256269517375,12.420579,20.125,0.3333333333333333,0.625,0.43478260869565216
random,ov,rrg,0.5,0.3,0.3,4,0.94,0.8403414,0.24999999999999895,0.46779302,3.9490223580913546,10.634247,6.0,0.5714285714285714,1.0,0.7272727272727273
random,ov,rrg,0.6000000000000001,0.3,0.3,4,0.86,0.8921398,-0.750000000000001,0.6404581,6.545604174715095,7.064706,10.0,0.3333333333333333,0.75,0.46153846153846156
random,ov,rrg,0.7000000000000001,0.3,0.3,4,0.92,0.9044089,0.0,0.68135595,3.4379648379352634,6.355675,6.25,0.5,1.0,0.6666666666666666
random,ov,rrg,0.8,0.3,0.3,4,0.9,0.9338158,-0.25000000000000033,0.7793811,5.912977902473569,4.213494,7.5,0.42857142857142855,0.75,0.5454545454545454
random,ov,rrg,0.9,0.3,0.3,4,0.95,0.9571634,0.3749999999999991,0.8572082,3.0323006554015577,2.8004696,4.5,0.6153846153846154,1.0,0.761904761904762
random,ov,rrg,1.0,0.3,0.3,4,1.0,0.96548796,1.0,0.8849574,2.042833158581493,1.8071872,4.5,1.0,1.0,1.0
random,mov,rrg,0.0,0.3,0.3,4,0.92,0.70000654,0.0,0.0,12.685022942315605,24.025301,54.0,0.0,0.0,0.0
random,mov,rrg,0.1,0.3,0.3,4,0.85,0.72416615,-0.8750000000000012,0.08053379,11.020800338468321,20.249693,39.875,0.1111111111111111,0.125,0.11764705882352941
random,mov,rrg,0.2,0.3,0.3,4,0.89,0.73542756,-0.3750000000000005,0.11807262,8.757597192947811,18.775389,41.375,0.3333333333333333,0.375,0.35294117647058826
random,mov,rrg,0.30000000000000004,0.3,0.3,4,0.85,0.78680724,-0.8750000000000012,0.28934196,8.19448215707498,14.698345,36.125,0.23076923076923078,0.375,0.2857142857142857
random,mov,rrg,0.4,0.3,0.3,4,0.89,0.81099844,-0.3750000000000005,0.36998105,7.262129773038861,13.096292,16.375,0.38461538461538464,0.625,0.4761904761904762
random,mov,rrg,0.5,0.3,0.3,4,0.83,0.85028374,-1.1250000000000016,0.5009349,6.0678584622544145,9.570706,14.0,0.2857142857142857,0.75,0.4137931034482759
random,mov,rrg,0.6000000000000001,0.3,0.3,4,0.9,0.86503047,-0.25000000000000033,0.55009174,4.065067955234621,7.853178,6.875,0.4444444444444444,1.0,0.6153846153846153
random,mov,rrg,0.7000000000000001,0.3,0.3,4,0.91,0.8836861,-0.12500000000000017,0.61227864,3.5759720968825537,7.1029363,9.5,0.46153846153846156,0.75,0.5714285714285714
random,mov,rrg,0.8,0.3,0.3,4,0.93,0.90990007,0.12500000000000017,0.69966036,4.689836969303904,4.760599,7.75,0.5454545454545454,0.75,0.631578947368421
random,mov,rrg,0.9,0.3,0.3,4,0.94,0.94839126,0.24999999999999895,0.8279671,3.1973863943355787,2.6819134,6.5,0.5833333333333334,0.875,0.7000000000000001
random,mov,rrg,1.0,0.3,0.3,4,1.0,0.96548796,1.0,0.8849574,2.042833158581493,1.8071872,4.5,1.0,1.0,1.0
random,c_mov,rrg,0.0,0.3,0.3,4,0.92,0.70000654,0.0,0.0,12.685022942315605,24.025301,54.0,0.0,0.0,0.0
random,c_mov,rrg,0.1,0.3,0.3,4,0.91,0.7256318,-0.12500000000000017,0.08541929,10.664136405281097,20.867085,49.75,0.3333333333333333,0.125,0.18181818181818182
random,c_mov,rrg,0.2,0.3,0.3,4,0.81,0.753149,-1.3750000000000004,0.17714529,9.950398052609604,17.311708,47.0,0.07692307692307693,0.125,0.09523809523809525
random,c_mov,rrg,0.30000000000000004,0.3,0.3,4,0.89,0.78059876,-0.3750000000000005,0.26864657,8.944963889754076,15.202154,31.75,0.3333333333333333,0.375,0.35294117647058826
random,c_mov,rrg,0.4,0.3,0.3,4,0.87,0.79768586,-0.6250000000000009,0.32560483,6.1152964009392825,13.975933,20.125,0.2727272727272727,0.375,0.3157894736842105
random,c_mov,rrg,0.5,0.3,0.3,4,0.87,0.8577447,-0.6250000000000009,0.5258053,7.9442673700449795,9.234211,13.75,0.3333333333333333,0.625,0.43478260869565216
random,c_mov,rrg,0.6000000000000001,0.3,0.3,4,0.91,0.86972237,-0.12500000000000017,0.56573176,5.8713892429527,8.239453,11.875,0.45454545454545453,0.625,0.5263157894736842
random,c_mov,rrg,0.7000000000000001,0.3,0.3,4,0.89,0.9074361,-0.3750000000000005,0.69144684,4.787037993389135,5.5995727,6.375,0.4117647058823529,0.875,0.56
random,c_mov,rrg,0.8,0.3,0.3,4,0.9,0.9341962,-0.25000000000000033,0.7806491,4.3663167854900715,4.3327336,5.5,0.4444444444444444,1.0,0.6153846153846153
random,c_mov,rrg,0.9,0.3,0.3,4,0.97,0.9469101,0.6249999999999994,0.82302976,3.3931478907147734,3.1310205,4.625,0.7272727272727273,1.0,0.8421052631578948
random,c_mov,rrg,1.0,0.3,0.3,4,1.0,0.96548796,1.0,0.8849574,2.042833158581493,1.8071872,4.5,1.0,1.0,1.0
