O,MO,O_tilde,MO_tilde,SE,MSE,rank,precision,recall,f1,method,sim,delta,lam,rho
0.66,0.7060474,-0.21428571428571405,-0.52497387,20.07837202612212,19.908817,24.61111111111111,1.0,0.05555555555555555,0.10526315789473684,gnn,0,0.3,0.3,0.02
0.62,0.71201533,-0.35714285714285704,-0.49401337,19.062495893782366,18.305372,27.5,0.0,0.0,0.0,random,0,0.3,0.3,0.02
0.66,0.7182178,-0.21428571428571405,-0.46183613,21.042991063471277,19.576324,23.0,1.0,0.05555555555555555,0.10526315789473684,gnn,0,0.3,0.3,0.04
0.62,0.7163481,-0.35714285714285704,-0.47153568,18.551185244668915,17.706339,24.5,0.0,0.0,0.0,random,0,0.3,0.3,0.04
0.66,0.7205875,-0.21428571428571405,-0.44954252,20.525117291347314,19.29133,25.77777777777778,1.0,0.05555555555555555,0.10526315789473684,gnn,0,0.3,0.3,0.06
0.64,0.72234535,-0.28571428571428553,-0.44042307,18.319237120627445,17.43931,23.944444444444443,0.5,0.05555555555555555,0.09999999999999999,random,0,0.3,0.3,0.06
0.66,0.7217212,-0.21428571428571405,-0.44366118,19.144403433643856,18.84738,24.555555555555557,1.0,0.05555555555555555,0.10526315789473684,gnn,0,0.3,0.3,0.08
0.66,0.7283426,-0.21428571428571405,-0.40931043,18.17430513010741,17.252777,22.61111111111111,0.6666666666666666,0.1111111111111111,0.1904761904761905,random,0,0.3,0.3,0.08
0.66,0.7277197,-0.21428571428571405,-0.41254178,18.737953568538178,18.16845,24.72222222222222,1.0,0.05555555555555555,0.10526315789473684,gnn,0,0.3,0.3,0.1
0.66,0.73171014,-0.21428571428571405,-0.39184022,15.606592243291924,16.33055,22.77777777777778,0.6,0.16666666666666666,0.2608695652173913,random,0,0.3,0.3,0.1
0.68,0.7337142,-0.14285714285714257,-0.38144338,16.381542643063455,16.296543,23.27777777777778,1.0,0.1111111111111111,0.19999999999999998,gnn,0,0.3,0.3,0.12
0.66,0.7352681,-0.21428571428571405,-0.37338206,15.184383101817161,16.199707,22.38888888888889,0.6,0.16666666666666666,0.2608695652173913,random,0,0.3,0.3,0.12
0.7,0.73969376,-0.07142857142857148,-0.3504226,14.260807682271233,14.697579,20.333333333333332,1.0,0.16666666666666666,0.2857142857142857,gnn,0,0.3,0.3,0.14
0.68,0.74726653,-0.14285714285714257,-0.3111364,12.708249667026557,14.086228,19.666666666666668,0.6666666666666666,0.2222222222222222,0.3333333333333333,random,0,0.3,0.3,0.14
0.7,0.7440265,-0.07142857142857148,-0.3279452,13.754156580738593,14.237683,20.27777777777778,1.0,0.16666666666666666,0.2857142857142857,gnn,0,0.3,0.3,0.16
0.7,0.75326383,-0.07142857142857148,-0.2800235,12.57775395912424,13.925503,20.72222222222222,0.7142857142857143,0.2777777777777778,0.4,random,0,0.3,0.3,0.16
0.72,0.7500354,0.0,-0.29677197,13.258206597796084,13.614133,21.88888888888889,1.0,0.2222222222222222,0.3636363636363636,gnn,0,0.3,0.3,0.18
0.7,0.7665321,-0.07142857142857148,-0.21118993,13.307376904113976,13.413217,19.666666666666668,0.7142857142857143,0.2777777777777778,0.4,random,0,0.3,0.3,0.18
0.72,0.75436765,0.0,-0.27429706,12.58034593837611,13.100961,20.944444444444443,1.0,0.2222222222222222,0.3636363636363636,gnn,0,0.3,0.3,0.2
0.72,0.7725307,0.0,-0.1800705,12.51474473000576,12.837266,19.166666666666668,0.75,0.3333333333333333,0.46153846153846156,random,0,0.3,0.3,0.2
0.72,0.75869995,0.0,-0.25182185,12.050061359295599,12.590454,21.055555555555557,1.0,0.2222222222222222,0.3636363636363636,gnn,0,0.3,0.3,0.22
0.72,0.7785171,0.0,-0.14901386,12.391096373589335,12.752401,18.11111111111111,0.75,0.3333333333333333,0.46153846153846156,random,0,0.3,0.3,0.22
0.72,0.7647034,0.0,-0.22067706,11.977162285903365,12.4001465,20.22222222222222,1.0,0.2222222222222222,0.3636363636363636,gnn,0,0.3,0.3,0.24
0.72,0.78427535,0.0,-0.1191412,12.190915566652084,12.422619,16.444444444444443,0.75,0.3333333333333333,0.46153846153846156,random,0,0.3,0.3,0.24
0.72,0.7681956,0.0,-0.20255996,11.92341594013256,12.288427,18.555555555555557,1.0,0.2222222222222222,0.3636363636363636,gnn,0,0.3,0.3,0.26
0.72,0.7892431,0.0,-0.0933694,11.895133906642277,12.0964575,15.61111111111111,0.75,0.3333333333333333,0.46153846153846156,random,0,0.3,0.3,0.26
0.72,0.77252793,0.0,-0.18008474,11.483452276612336,11.817897,17.77777777777778,1.0,0.2222222222222222,0.3636363636363636,gnn,0,0.3,0.3,0.28
0.7,0.80124235,-0.07142857142857148,-0.031119423,10.281705669490497,10.194714,16.444444444444443,0.6666666666666666,0.3333333333333333,0.4444444444444444,random,0,0.3,0.3,0.28
0.72,0.7768602,0.0,-0.15760982,10.892321288204757,11.186841,17.72222222222222,1.0,0.2222222222222222,0.3636363636363636,gnn,0,0.3,0.3,0.3
0.72,0.8072409,0.0,0.0,9.370094292844563,9.513279,15.88888888888889,0.7,0.3888888888888889,0.5,random,0,0.3,0.3,0.3
0.72,0.7853657,0.0,-0.11348467,10.861674934814145,11.023633,17.944444444444443,1.0,0.2222222222222222,0.3636363636363636,gnn,0,0.3,0.3,0.32
0.74,0.81120646,0.07142857142857148,0.020572605,8.391134598899681,8.76235,16.61111111111111,0.7272727272727273,0.4444444444444444,0.5517241379310345,random,0,0.3,0.3,0.32
0.72,0.78969795,0.0,-0.09100976,10.318268848261964,10.6264,17.72222222222222,1.0,0.2222222222222222,0.3636363636363636,gnn,0,0.3,0.3,0.34
0.72,0.81738657,0.0,0.052633908,8.301352100233292,8.704016,15.833333333333334,0.7,0.3888888888888889,0.5,random,0,0.3,0.3,0.34
0.72,0.79403025,0.0,-0.06853453,9.811301325121613,10.24119,17.666666666666668,1.0,0.2222222222222222,0.3636363636363636,gnn,0,0.3,0.3,0.36
0.74,0.8233838,0.07142857142857148,0.08374652,8.195198309434069,8.601643,15.666666666666666,0.7272727272727273,0.4444444444444444,0.5517241379310345,random,0,0.3,0.3,0.36
0.72,0.79836255,0.0,-0.046059307,9.215371314445441,9.820929,16.333333333333332,1.0,0.2222222222222222,0.3636363636363636,gnn,0,0.3,0.3,0.38
0.76,0.82992935,0.14285714285714296,0.11770365,7.304723120113377,7.7087483,15.055555555555555,0.75,0.5,0.6,random,0,0.3,0.3,0.38
0.72,0.80269486,0.0,-0.02358408,8.691285163169336,9.43873,15.277777777777779,1.0,0.2222222222222222,0.3636363636363636,gnn,0,0.3,0.3,0.4
0.78,0.83592796,0.21428571428571447,0.14882338,7.181431256977024,7.5505004,14.333333333333334,0.7692307692307693,0.5555555555555556,0.6451612903225806,random,0,0.3,0.3,0.4
0.72,0.80618715,0.0,-0.0054666707,8.663756746970954,9.317055,16.166666666666668,1.0,0.2222222222222222,0.3636363636363636,gnn,0,0.3,0.3,0.42
0.8,0.8419266,0.2857142857142859,0.17994311,7.137778092622401,7.5107408,13.88888888888889,0.7857142857142857,0.6111111111111112,0.6875000000000001,random,0,0.3,0.3,0.42
0.72,0.8096828,0.0,0.012668056,8.39672039750244,9.164065,14.11111111111111,1.0,0.2222222222222222,0.3636363636363636,gnn,0,0.3,0.3,0.44
0.82,0.8479252,0.35714285714285704,0.21106285,7.012754028087354,7.3471828,13.444444444444445,0.8,0.6666666666666666,0.7272727272727272,random,0,0.3,0.3,0.44
0.72,0.8181879,0.0,0.056791037,8.409072982075706,8.756941,13.11111111111111,1.0,0.2222222222222222,0.3636363636363636,gnn,0,0.3,0.3,0.46
0.82,0.84792405,0.35714285714285704,0.21105696,7.019853582557792,7.472297,12.88888888888889,0.8,0.6666666666666666,0.7272727272727272,random,0,0.3,0.3,0.46
0.74,0.8241823,0.07142857142857148,0.087888815,8.340628347034235,8.693917,12.777777777777779,1.0,0.2777777777777778,0.4347826086956522,gnn,0,0.3,0.3,0.48
0.8,0.8494635,0.2857142857142859,0.21904346,6.792801770473946,7.1391954,12.444444444444445,0.75,0.6666666666666666,0.7058823529411765,random,0,0.3,0.3,0.48
0.76,0.8326817,0.14285714285714296,0.13198242,7.930843280441443,8.235061,13.5,1.0,0.3333333333333333,0.5,gnn,0,0.3,0.3,0.5
0.8,0.8520004,0.2857142857142859,0.23220441,6.012862884489988,6.9003086,12.944444444444445,0.75,0.6666666666666666,0.7058823529411765,random,0,0.3,0.3,0.5
0.76,0.8353936,0.14285714285714296,0.14605124,7.663402542595231,8.035679,13.722222222222221,1.0,0.3333333333333333,0.5,gnn,0,0.3,0.3,0.52
0.84,0.8576951,0.4285714285714285,0.26174745,6.043323688045498,6.892223,12.666666666666666,0.8125,0.7222222222222222,0.7647058823529411,random,0,0.3,0.3,0.52
0.78,0.8413881,0.21428571428571447,0.17714964,7.498575242543376,7.9160924,13.61111111111111,1.0,0.3888888888888889,0.56,gnn,0,0.3,0.3,0.54
0.84,0.86369437,0.4285714285714285,0.29287058,6.026072109081476,6.766713,12.555555555555555,0.8125,0.7222222222222222,0.7647058823529411,random,0,0.3,0.3,0.54
0.78,0.84588003,0.21428571428571447,0.20045294,7.189213656981568,7.1803126,13.38888888888889,1.0,0.3888888888888889,0.56,gnn,0,0.3,0.3,0.56
0.82,0.87781024,0.35714285714285704,0.3661012,5.957351585881752,6.0333033,12.222222222222221,0.8,0.6666666666666666,0.7272727272727272,random,0,0.3,0.3,0.56
0.78,0.8518786,0.21428571428571447,0.23157236,6.717665867519123,6.619045,12.88888888888889,1.0,0.3888888888888889,0.56,gnn,0,0.3,0.3,0.58
0.82,0.8778253,0.35714285714285704,0.36617944,5.958835692437094,6.03305,12.0,0.8,0.6666666666666666,0.7272727272727272,random,0,0.3,0.3,0.58
0.76,0.8502589,0.14285714285714296,0.22316967,6.142357744016076,6.335755,13.333333333333334,0.875,0.3888888888888889,0.5384615384615385,gnn,0,0.3,0.3,0.6
0.82,0.8819957,0.35714285714285704,0.38781452,5.501806661176042,5.585236,11.777777777777779,0.8,0.6666666666666666,0.7272727272727272,random,0,0.3,0.3,0.6
0.76,0.85490525,0.14285714285714296,0.24727416,6.0611280066797155,6.0126023,12.555555555555555,0.875,0.3888888888888889,0.5384615384615385,gnn,0,0.3,0.3,0.62
0.84,0.8879929,0.4285714285714285,0.41892713,5.47187166493625,5.5588512,11.555555555555555,0.8125,0.7222222222222222,0.7647058823529411,random,0,0.3,0.3,0.62
0.78,0.8608997,0.21428571428571447,0.27837226,5.838457840982734,5.837367,12.277777777777779,0.8888888888888888,0.4444444444444444,0.5925925925925926,gnn,0,0.3,0.3,0.64
0.86,0.90234846,0.5,0.49340114,5.447948709110797,4.969409,11.722222222222221,0.8235294117647058,0.7777777777777778,0.7999999999999999,random,0,0.3,0.3,0.64
0.8,0.86689407,0.2857142857142859,0.30947003,5.461920824913229,5.5468516,12.0,0.9,0.5,0.6428571428571429,gnn,0,0.3,0.3,0.66
0.86,0.9066813,0.5,0.51587915,4.955220806582415,4.699564,11.666666666666666,0.8235294117647058,0.7777777777777778,0.7999999999999999,random,0,0.3,0.3,0.66
0.8,0.87187713,0.2857142857142859,0.3353213,5.378309371246469,5.44724,12.055555555555555,0.9,0.5,0.6428571428571429,gnn,0,0.3,0.3,0.68
0.88,0.9142696,0.5714285714285715,0.55524606,5.121658997899792,4.5350447,11.333333333333334,0.8333333333333334,0.8333333333333334,0.8333333333333334,random,0,0.3,0.3,0.68
0.82,0.8838362,0.35714285714285704,0.39736286,4.966696986249526,4.855928,11.444444444444445,0.9090909090909091,0.5555555555555556,0.6896551724137931,gnn,0,0.3,0.3,0.7
0.88,0.9206017,0.5714285714285715,0.58809584,5.017814012108118,4.4770746,11.0,0.8333333333333334,0.8333333333333334,0.8333333333333334,random,0,0.3,0.3,0.7
0.82,0.8895732,0.35714285714285704,0.42712542,4.8736706006507,4.412472,11.555555555555555,0.9090909090909091,0.5555555555555556,0.6896551724137931,gnn,0,0.3,0.3,0.72
0.88,0.92928815,0.5714285714285715,0.63315946,5.592978048213939,4.009267,10.88888888888889,0.8333333333333334,0.8333333333333334,0.8333333333333334,random,0,0.3,0.3,0.72
0.84,0.89556766,0.4285714285714285,0.45822352,4.715944968761968,4.219888,11.38888888888889,0.9166666666666666,0.6111111111111112,0.7333333333333334,gnn,0,0.3,0.3,0.74
0.9,0.93528533,0.642857142857143,0.6642718,5.534382785448654,3.9343412,10.722222222222221,0.8421052631578947,0.8888888888888888,0.8648648648648649,random,0,0.3,0.3,0.74
0.84,0.90156615,0.4285714285714285,0.48934263,4.69106987102335,4.149978,11.166666666666666,0.9166666666666666,0.6111111111111112,0.7333333333333334,gnn,0,0.3,0.3,0.76
0.9,0.925977,0.642857142857143,0.61598176,5.166233570948609,3.9721627,9.88888888888889,0.8421052631578947,0.8888888888888888,0.8648648648648649,random,0,0.3,0.3,0.76
0.84,0.90756464,0.4285714285714285,0.52046174,4.679047178356246,4.123498,10.88888888888889,0.9166666666666666,0.6111111111111112,0.7333333333333334,gnn,0,0.3,0.3,0.78
0.92,0.9319742,0.7142857142857144,0.6470941,5.029318619066356,3.8348477,9.666666666666666,0.85,0.9444444444444444,0.8947368421052632,random,0,0.3,0.3,0.78
0.86,0.91355914,0.5,0.55156016,4.561779218975666,4.0251317,10.722222222222221,0.9230769230769231,0.6666666666666666,0.7741935483870968,gnn,0,0.3,0.3,0.8
0.92,0.9318496,0.7142857142857144,0.64644784,5.022460294528287,3.8407607,9.666666666666666,0.85,0.9444444444444444,0.8947368421052632,random,0,0.3,0.3,0.8
0.84,0.92121977,0.4285714285714285,0.5913021,3.7569079723739924,3.1663754,10.944444444444445,0.8571428571428571,0.6666666666666666,0.75,gnn,0,0.3,0.3,0.82
0.92,0.937534,0.7142857142857144,0.67593735,4.980124039459411,3.7524755,9.666666666666666,0.85,0.9444444444444444,0.8947368421052632,random,0,0.3,0.3,0.82
0.84,0.9275883,0.4285714285714285,0.6243409,3.75687541732789,3.1515052,10.61111111111111,0.8571428571428571,0.6666666666666666,0.75,gnn,0,0.3,0.3,0.84
0.92,0.9413659,0.7142857142857144,0.6958167,5.00820121511914,3.6776276,9.722222222222221,0.85,0.9444444444444444,0.8947368421052632,random,0,0.3,0.3,0.84
0.84,0.93358684,0.4285714285714285,0.6554603,3.756705938687197,3.068672,10.5,0.8571428571428571,0.6666666666666666,0.75,gnn,0,0.3,0.3,0.86
0.94,0.9387149,0.7857142857142856,0.6820639,5.340859215177096,3.9307473,9.666666666666666,0.8947368421052632,0.9444444444444444,0.918918918918919,random,0,0.3,0.3,0.86
0.86,0.93958116,0.5,0.68655777,3.516405561340384,2.8760934,10.277777777777779,0.8666666666666667,0.7222222222222222,0.7878787878787877,gnn,0,0.3,0.3,0.88
0.94,0.94454074,0.7857142857142856,0.7122872,5.311785846015195,3.8593311,9.666666666666666,0.8947368421052632,0.9444444444444444,0.918918918918919,random,0,0.3,0.3,0.88
0.88,0.94557565,0.5714285714285715,0.71765614,3.4463331016038037,2.822669,10.11111111111111,0.875,0.7777777777777778,0.823529411764706,gnn,0,0.3,0.3,0.9
0.94,0.94816667,0.7857142857142856,0.7310979,4.711853241074507,3.6267152,9.666666666666666,0.8947368421052632,0.9444444444444444,0.918918918918919,random,0,0.3,0.3,0.9
0.9,0.95157003,0.642857142857143,0.7487539,2.815375082242655,2.405368,9.944444444444445,0.8823529411764706,0.8333333333333334,0.8571428571428571,gnn,0,0.3,0.3,0.92
0.94,0.95416594,0.7857142857142856,0.762221,4.460633210301815,3.2271137,9.666666666666666,0.8947368421052632,0.9444444444444444,0.918918918918919,random,0,0.3,0.3,0.92
0.92,0.95756453,0.7142857142857144,0.77985233,2.7853789558343713,2.3789594,9.777777777777779,0.8888888888888888,0.8888888888888888,0.8888888888888888,gnn,0,0.3,0.3,0.94
0.94,0.9567512,0.7857142857142856,0.77563304,4.005345684347825,3.0868878,9.666666666666666,0.8947368421052632,0.9444444444444444,0.918918918918919,random,0,0.3,0.3,0.94
0.94,0.963559,0.7857142857142856,0.8109504,2.7074634981218844,2.3234916,9.666666666666666,0.8947368421052632,0.9444444444444444,0.918918918918919,gnn,0,0.3,0.3,0.96
0.94,0.9652565,0.7857142857142856,0.8197569,4.001323152210981,2.6684709,9.61111111111111,0.8947368421052632,0.9444444444444444,0.918918918918919,random,0,0.3,0.3,0.96
0.94,0.9695575,0.7857142857142856,0.8420698,2.70391118068934,2.2250376,9.61111111111111,0.8947368421052632,0.9444444444444444,0.918918918918919,gnn,0,0.3,0.3,0.98
0.96,0.9732685,0.857142857142857,0.86132175,3.556955488229124,2.2514765,9.5,0.9,1.0,0.9473684210526316,random,0,0.3,0.3,0.98
0.96,0.97555196,0.857142857142857,0.87316793,2.6311084059203984,2.1422923,9.5,0.9,1.0,0.9473684210526316,gnn,0,0.3,0.3,1.0
0.96,0.97555196,0.857142857142857,0.87316793,2.6311084059203984,2.1422923,9.5,0.9,1.0,0.9473684210526316,random,0,0.3,0.3,1.0
0.74,0.70604736,-0.181818181818182,-0.31379125,16.541648745523535,19.323103,25.857142857142858,1.0,0.07142857142857142,0.13333333333333333,gnn,1,0.3,0.3,0.02
0.72,0.7043852,-0.272727272727273,-0.32122,17.11971251340089,19.953197,29.714285714285715,0.0,0.0,0.0,random,1,0.3,0.3,0.02
0.74,0.7112288,-0.181818181818182,-0.29063338,16.44308405889649,19.179998,26.357142857142858,1.0,0.07142857142857142,0.13333333333333333,gnn,1,0.3,0.3,0.04
0.7,0.71635604,-0.363636363636364,-0.26771766,15.730747753561223,17.563343,26.857142857142858,0.0,0.0,0.0,random,1,0.3,0.3,0.04
0.76,0.717226,-0.090909090909091,-0.26382932,14.701489509825805,17.4412,27.0,1.0,0.14285714285714285,0.25,gnn,1,0.3,0.3,0.06
0.7,0.7206889,-0.363636363636364,-0.24835247,15.209638437162344,17.125662,28.214285714285715,0.0,0.0,0.0,random,1,0.3,0.3,0.06
0.76,0.72195375,-0.090909090909091,-0.24269927,14.397573691796822,16.985695,25.285714285714285,1.0,0.14285714285714285,0.25,gnn,1,0.3,0.3,0.08
0.72,0.7266861,-0.272727272727273,-0.22154842,13.766693938265842,15.970419,26.928571428571427,0.5,0.07142857142857142,0.125,random,1,0.3,0.3,0.08
0.76,0.72966784,-0.090909090909091,-0.20822191,14.403355696834776,16.799122,22.285714285714285,1.0,0.14285714285714285,0.25,gnn,1,0.3,0.3,0.1
0.72,0.73101884,-0.272727272727273,-0.20218377,13.244897096045433,15.559256,24.714285714285715,0.5,0.07142857142857142,0.125,random,1,0.3,0.3,0.1
0.76,0.7386688,-0.090909090909091,-0.16799305,14.74202935142015,16.471527,17.214285714285715,1.0,0.14285714285714285,0.25,gnn,1,0.3,0.3,0.12
0.72,0.7328238,-0.272727272727273,-0.19411673,12.205254528624824,15.130459,21.428571428571427,0.5,0.07142857142857142,0.125,random,1,0.3,0.3,0.12
0.76,0.73999995,-0.090909090909091,-0.16204362,14.20727465024278,16.27808,20.071428571428573,1.0,0.14285714285714285,0.25,gnn,1,0.3,0.3,0.14
0.72,0.7360011,-0.272727272727273,-0.17991619,11.760265973097432,14.850948,22.214285714285715,0.5,0.07142857142857142,0.125,random,1,0.3,0.3,0.14
0.76,0.74433273,-0.090909090909091,-0.1426787,13.66106287639623,15.789738,19.071428571428573,1.0,0.14285714285714285,0.25,gnn,1,0.3,0.3,0.16
0.72,0.74080324,-0.272727272727273,-0.15845339,11.500943588831264,14.383178,21.214285714285715,0.5,0.07142857142857142,0.125,random,1,0.3,0.3,0.16
0.76,0.7486656,-0.090909090909091,-0.12331351,13.112637701478588,15.299213,19.071428571428573,1.0,0.14285714285714285,0.25,gnn,1,0.3,0.3,0.18
0.74,0.74680036,-0.181818181818182,-0.13164987,10.678581591177435,13.394473,18.928571428571427,0.6666666666666666,0.14285714285714285,0.23529411764705882,random,1,0.3,0.3,0.18
0.76,0.74872375,-0.090909090909091,-0.123053506,12.32891284772287,14.861333,18.214285714285715,1.0,0.14285714285714285,0.25,gnn,1,0.3,0.3,0.2
0.74,0.7489149,-0.181818181818182,-0.12219917,10.434535674487305,13.366306,21.857142857142858,0.6666666666666666,0.14285714285714285,0.23529411764705882,random,1,0.3,0.3,0.2
0.76,0.7555513,-0.090909090909091,-0.09253854,11.864445151745144,14.53928,19.071428571428573,1.0,0.14285714285714285,0.25,gnn,1,0.3,0.3,0.22
0.74,0.7522747,-0.181818181818182,-0.10718291,9.41376237069757,12.976484,21.357142857142858,0.6,0.21428571428571427,0.3157894736842105,random,1,0.3,0.3,0.22
0.78,0.7637462,0.0,-0.05591217,11.82994862016611,13.930778,18.857142857142858,1.0,0.21428571428571427,0.35294117647058826,gnn,1,0.3,0.3,0.24
0.74,0.7591494,-0.181818181818182,-0.07645723,9.225686696061027,12.863674,17.928571428571427,0.6,0.21428571428571427,0.3157894736842105,random,1,0.3,0.3,0.24
0.8,0.7697433,0.090909090909091,-0.029108653,10.5197053807428,12.8381605,18.142857142857142,1.0,0.2857142857142857,0.4444444444444445,gnn,1,0.3,0.3,0.26
0.74,0.7637193,-0.181818181818182,-0.05603232,8.898386412899569,12.484269,17.928571428571427,0.6,0.21428571428571427,0.3157894736842105,random,1,0.3,0.3,0.26
0.82,0.7757407,0.1818181818181815,-0.0023040664,9.20317568410187,11.587428,17.071428571428573,1.0,0.35714285714285715,0.5263157894736842,gnn,1,0.3,0.3,0.28
0.76,0.7695896,-0.090909090909091,-0.02979569,8.68790117169154,12.198633,16.357142857142858,0.6666666666666666,0.2857142857142857,0.4,random,1,0.3,0.3,0.28
0.82,0.7817407,0.1818181818181815,0.024512507,9.160557488671117,11.527696,15.5,1.0,0.35714285714285715,0.5263157894736842,gnn,1,0.3,0.3,0.3
0.78,0.7762562,0.0,0.0,8.634784245047177,11.540781,15.928571428571429,0.8,0.2857142857142857,0.4210526315789473,random,1,0.3,0.3,0.3
0.82,0.78630567,0.1818181818181815,0.044915043,8.602974062685224,11.03633,15.714285714285714,1.0,0.35714285714285715,0.5263157894736842,gnn,1,0.3,0.3,0.32
0.8,0.7854518,0.090909090909091,0.041098908,7.566511432623814,10.307003,16.857142857142858,0.8333333333333334,0.35714285714285715,0.5,random,1,0.3,0.3,0.32
0.84,0.7923029,0.2727272727272725,0.071719095,7.3532375912217915,10.253087,14.642857142857142,1.0,0.42857142857142855,0.6,gnn,1,0.3,0.3,0.34
0.82,0.7963622,0.1818181818181815,0.08986179,7.583112859533463,10.005399,13.428571428571429,0.8571428571428571,0.42857142857142855,0.5714285714285714,random,1,0.3,0.3,0.34
0.84,0.79663575,0.2727272727272725,0.09108429,7.418313188093373,9.721079,13.785714285714286,1.0,0.42857142857142855,0.6,gnn,1,0.3,0.3,0.36
0.8,0.80965704,0.090909090909091,0.1492816,8.97100875720144,8.763497,14.928571428571429,0.75,0.42857142857142855,0.5454545454545454,random,1,0.3,0.3,0.36
0.86,0.802633,0.3636363636363635,0.11788834,7.111702608023597,9.299173,13.428571428571429,1.0,0.5,0.6666666666666666,gnn,1,0.3,0.3,0.38
0.8,0.8171379,0.090909090909091,0.18271655,8.925474588694268,8.72764,13.142857142857142,0.75,0.42857142857142855,0.5454545454545454,random,1,0.3,0.3,0.38
0.86,0.8099384,0.3636363636363635,0.150539,6.833499004742423,8.898306,13.785714285714286,1.0,0.5,0.6666666666666666,gnn,1,0.3,0.3,0.4
0.8,0.8283618,0.090909090909091,0.23288067,8.93378764605004,8.536327,15.214285714285714,0.75,0.42857142857142855,0.5454545454545454,random,1,0.3,0.3,0.4
0.86,0.81593764,0.3636363636363635,0.17735212,6.77953017788905,8.498443,13.642857142857142,1.0,0.5,0.6666666666666666,gnn,1,0.3,0.3,0.42
0.82,0.8323581,0.1818181818181815,0.25074178,8.746633943447637,8.450916,13.0,0.7777777777777778,0.5,0.6086956521739131,random,1,0.3,0.3,0.42
0.86,0.82193774,0.3636363636363635,0.20416895,6.777419098897625,8.4609375,12.571428571428571,1.0,0.5,0.6666666666666666,gnn,1,0.3,0.3,0.44
0.8,0.8392721,0.090909090909091,0.28164303,8.390008476732836,8.147682,13.214285714285714,0.7,0.5,0.5833333333333334,random,1,0.3,0.3,0.44
0.86,0.8225342,0.3636363636363635,0.20683478,6.524922168624316,8.042311,13.785714285714286,1.0,0.5,0.6666666666666666,gnn,1,0.3,0.3,0.46
0.78,0.8499826,0.0,0.32951266,7.663103648083997,6.528459,13.642857142857142,0.6363636363636364,0.5,0.56,random,1,0.3,0.3,0.46
0.88,0.8285313,0.4545454545454545,0.2336383,6.32966600036961,7.8656764,12.071428571428571,1.0,0.5714285714285714,0.7272727272727273,gnn,1,0.3,0.3,0.48
0.78,0.85500383,0.0,0.35195446,7.631249807561701,6.4550743,12.714285714285714,0.6363636363636364,0.5,0.56,random,1,0.3,0.3,0.48
0.88,0.833752,0.4545454545454545,0.25697148,5.969946658319925,7.420504,12.357142857142858,1.0,0.5714285714285714,0.7272727272727273,gnn,1,0.3,0.3,0.5
0.78,0.85874695,0.0,0.36868393,7.23464346795748,6.4070644,11.642857142857142,0.6363636363636364,0.5,0.56,random,1,0.3,0.3,0.5
0.9,0.8397492,0.5454545454545455,0.28377554,5.371158153284222,6.913322,11.142857142857142,1.0,0.6428571428571429,0.782608695652174,gnn,1,0.3,0.3,0.52
0.78,0.86574507,0.0,0.39996132,7.283500853580367,6.210011,11.357142857142858,0.6363636363636364,0.5,0.56,random,1,0.3,0.3,0.52
0.92,0.8461303,0.6363636363636365,0.31229517,5.350162044978842,6.9001427,11.071428571428571,1.0,0.7142857142857143,0.8333333333333333,gnn,1,0.3,0.3,0.54
0.78,0.8738193,0.0,0.43604824,7.218251003522344,5.9248133,11.571428571428571,0.6363636363636364,0.5,0.56,random,1,0.3,0.3,0.54
0.92,0.8512575,0.6363636363636365,0.33521062,5.114567041992174,6.465337,10.428571428571429,1.0,0.7142857142857143,0.8333333333333333,gnn,1,0.3,0.3,0.56
0.8,0.8851642,0.090909090909091,0.48675314,6.397361315144913,5.1560597,11.357142857142858,0.6666666666666666,0.5714285714285714,0.6153846153846153,random,1,0.3,0.3,0.56
0.94,0.8572546,0.727272727272727,0.36201414,4.822769879350065,6.2637486,9.928571428571429,1.0,0.7857142857142857,0.88,gnn,1,0.3,0.3,0.58
0.8,0.8875624,0.090909090909091,0.49747163,6.29461517598462,5.0288057,11.642857142857142,0.6666666666666666,0.5714285714285714,0.6153846153846153,random,1,0.3,0.3,0.58
0.96,0.8635911,0.818181818181818,0.39033428,3.1565301783527393,5.133346,10.0,1.0,0.8571428571428571,0.923076923076923,gnn,1,0.3,0.3,0.6
0.8,0.8921977,0.090909090909091,0.5181888,6.244794555843857,4.9098763,11.642857142857142,0.6666666666666666,0.5714285714285714,0.6153846153846153,random,1,0.3,0.3,0.6
0.96,0.8680298,0.818181818181818,0.41017258,2.786077985832332,4.848627,9.5,1.0,0.8571428571428571,0.923076923076923,gnn,1,0.3,0.3,0.62
0.8,0.8981974,0.090909090909091,0.5450038,6.217490365580736,4.7531133,11.428571428571429,0.6666666666666666,0.5714285714285714,0.6153846153846153,random,1,0.3,0.3,0.62
0.96,0.8722551,0.818181818181818,0.42905718,2.5077861328085835,4.425021,8.928571428571429,1.0,0.8571428571428571,0.923076923076923,gnn,1,0.3,0.3,0.64
0.8,0.89830065,0.090909090909091,0.5454652,5.416064382430247,4.3224773,11.142857142857142,0.6666666666666666,0.5714285714285714,0.6153846153846153,random,1,0.3,0.3,0.64
0.96,0.8782553,0.818181818181818,0.45587456,2.477678648889168,4.327718,8.857142857142858,1.0,0.8571428571428571,0.923076923076923,gnn,1,0.3,0.3,0.66
0.82,0.8954999,0.1818181818181815,0.5329474,5.628534122280411,4.8208213,10.642857142857142,0.7272727272727273,0.5714285714285714,0.64,random,1,0.3,0.3,0.66
0.96,0.88577485,0.818181818181818,0.48948237,2.4411075541520235,4.263075,8.785714285714286,1.0,0.8571428571428571,0.923076923076923,gnn,1,0.3,0.3,0.68
0.84,0.9026318,0.2727272727272725,0.56482285,4.522960316385751,4.194353,10.5,0.75,0.6428571428571429,0.6923076923076924,random,1,0.3,0.3,0.68
0.96,0.8917741,0.818181818181818,0.5162955,2.4319616132476964,4.225707,8.714285714285714,1.0,0.8571428571428571,0.923076923076923,gnn,1,0.3,0.3,0.7
0.86,0.9096386,0.3636363636363635,0.5961389,4.300233123800577,3.9291465,10.0,0.7692307692307693,0.7142857142857143,0.7407407407407408,random,1,0.3,0.3,0.7
0.96,0.89480543,0.818181818181818,0.5298436,2.0722651235923264,4.0611105,8.714285714285714,1.0,0.8571428571428571,0.923076923076923,gnn,1,0.3,0.3,0.72
0.86,0.9138096,0.3636363636363635,0.61478084,4.258073655625999,3.814164,10.071428571428571,0.7692307692307693,0.7142857142857143,0.7407407407407408,random,1,0.3,0.3,0.72
0.96,0.9008049,0.818181818181818,0.55665755,2.0541170012157175,3.9900162,8.642857142857142,1.0,0.8571428571428571,0.923076923076923,gnn,1,0.3,0.3,0.74
0.9,0.91657007,0.5454545454545455,0.62711847,4.427885652121217,3.7848086,9.5,0.8461538461538461,0.7857142857142857,0.8148148148148148,random,1,0.3,0.3,0.74
0.96,0.90680414,0.818181818181818,0.58347064,2.0000810152103536,3.9513972,8.571428571428571,1.0,0.8571428571428571,0.923076923076923,gnn,1,0.3,0.3,0.76
0.92,0.9225673,0.6363636363636365,0.6539225,4.166523027903359,3.563662,9.071428571428571,0.8571428571428571,0.8571428571428571,0.8571428571428571,random,1,0.3,0.3,0.76
0.96,0.91046584,0.818181818181818,0.59983623,1.9967704866591591,3.8600256,8.642857142857142,1.0,0.8571428571428571,0.923076923076923,gnn,1,0.3,0.3,0.78
0.92,0.92778796,0.6363636363636365,0.6772557,3.83556134832897,3.2467902,8.928571428571429,0.8571428571428571,0.8571428571428571,0.8571428571428571,random,1,0.3,0.3,0.78
0.96,0.9174526,0.818181818181818,0.63106275,1.5756769467608107,3.0462406,8.428571428571429,1.0,0.8571428571428571,0.923076923076923,gnn,1,0.3,0.3,0.8
0.94,0.93366677,0.727272727272727,0.7035304,2.8075677521140925,2.8650625,8.571428571428571,0.8666666666666667,0.9285714285714286,0.896551724137931,random,1,0.3,0.3,0.8
0.96,0.92241025,0.818181818181818,0.65322053,1.41596439514497,2.439128,8.357142857142858,1.0,0.8571428571428571,0.923076923076923,gnn,1,0.3,0.3,0.82
0.96,0.94004786,0.818181818181818,0.73205006,2.7865716604978354,2.851883,8.428571428571429,0.875,1.0,0.9333333333333333,random,1,0.3,0.3,0.82
0.96,0.9284096,0.818181818181818,0.6800339,1.3972109277872917,2.3586097,8.285714285714286,1.0,0.8571428571428571,0.923076923076923,gnn,1,0.3,0.3,0.84
0.96,0.9442329,0.818181818181818,0.7507546,2.7863565385347955,2.788756,8.357142857142858,0.875,1.0,0.9333333333333333,random,1,0.3,0.3,0.84
0.96,0.9344089,0.818181818181818,0.7068473,1.393906869332545,2.3223007,8.214285714285714,1.0,0.8571428571428571,0.923076923076923,gnn,1,0.3,0.3,0.86
0.98,0.93600047,0.909090909090909,0.71396065,2.7718302313013,2.8859012,7.571428571428571,0.9333333333333333,1.0,0.9655172413793104,random,1,0.3,0.3,0.86
0.96,0.9404082,0.818181818181818,0.7336604,1.3856192867570871,2.2836792,8.142857142857142,1.0,0.8571428571428571,0.923076923076923,gnn,1,0.3,0.3,0.88
0.98,0.9390318,0.909090909090909,0.7275088,2.4121337545736345,2.7213056,7.571428571428571,0.9333333333333333,1.0,0.9655172413793104,random,1,0.3,0.3,0.88
0.96,0.94488925,0.818181818181818,0.75368816,1.3856039073231634,2.2239306,8.142857142857142,1.0,0.8571428571428571,0.923076923076923,gnn,1,0.3,0.3,0.9
0.98,0.9474945,0.909090909090909,0.76533204,2.401778857829232,2.4557457,7.571428571428571,0.9333333333333333,1.0,0.9655172413793104,random,1,0.3,0.3,0.9
0.98,0.9508865,0.909090909090909,0.7804922,1.300175648524143,2.1211436,8.0,1.0,0.9285714285714286,0.962962962962963,gnn,1,0.3,0.3,0.92
0.98,0.9536122,0.909090909090909,0.79267454,2.192674900585586,1.9477087,7.5,0.9333333333333333,1.0,0.9655172413793104,random,1,0.3,0.3,0.92
0.98,0.95659745,0.909090909090909,0.80601674,1.2611643496803773,2.0390327,7.928571428571429,1.0,0.9285714285714286,0.962962962962963,gnn,1,0.3,0.3,0.94
0.98,0.95732546,0.909090909090909,0.8092705,2.1886053319110195,1.8528447,7.5,0.9333333333333333,1.0,0.9655172413793104,random,1,0.3,0.3,0.94
0.98,0.9625969,0.909090909090909,0.83283067,1.249429581307015,1.9806935,7.857142857142857,1.0,0.9285714285714286,0.962962962962963,gnn,1,0.3,0.3,0.96
0.98,0.9638047,0.909090909090909,0.8382289,2.2188845304960223,1.8149852,7.5,0.9333333333333333,1.0,0.9655172413793104,random,1,0.3,0.3,0.96
0.98,0.96707207,0.909090909090909,0.85283196,1.3685766679216984,1.6765386,7.785714285714286,1.0,0.9285714285714286,0.962962962962963,gnn,1,0.3,0.3,0.98
0.98,0.9708044,0.909090909090909,0.8695132,2.0786263071081983,1.4687482,7.5,0.9333333333333333,1.0,0.9655172413793104,random,1,0.3,0.3,0.98
1.0,0.97042525,1.0,0.86781865,1.1177251329810733,1.5552942,7.5,1.0,1.0,1.0,gnn,1,0.3,0.3,1.0
1.0,0.97042525,1.0,0.86781865,1.1177251329810733,1.5552942,7.5,1.0,1.0,1.0,random,1,0.3,0.3,1.0
0.68,0.7060474,-0.9999999999999993,-0.42606777,16.880254625698875,19.61036,24.705882352941178,1.0,0.058823529411764705,0.1111111111111111,gnn,2,0.3,0.3,0.02
0.66,0.69640684,-1.1249999999999993,-0.4728376,16.589035436945142,20.033453,21.352941176470587,0.0,0.0,0.0,random,2,0.3,0.3,0.02
0.7,0.7120419,-0.8749999999999999,-0.39698634,16.815493015239134,19.519382,25.41176470588235,1.0,0.11764705882352941,0.21052631578947367,gnn,2,0.3,0.3,0.04
0.68,0.70057356,-0.9999999999999993,-0.45262337,14.801665714305937,18.689468,17.529411764705884,1.0,0.058823529411764705,0.1111111111111111,random,2,0.3,0.3,0.04
0.72,0.7161879,-0.7499999999999998,-0.37687272,15.000621860379411,18.125912,22.352941176470587,1.0,0.17647058823529413,0.3,gnn,2,0.3,0.3,0.06
0.7,0.7106839,-0.8749999999999999,-0.40357465,14.333086772410484,17.970573,18.764705882352942,1.0,0.11764705882352941,0.21052631578947367,random,2,0.3,0.3,0.06
0.72,0.72001946,-0.7499999999999998,-0.35828444,14.037275772317894,16.944834,21.11764705882353,1.0,0.17647058823529413,0.3,gnn,2,0.3,0.3,0.08
0.72,0.71890306,-0.7499999999999998,-0.36370048,14.136294064153567,17.612392,18.352941176470587,1.0,0.17647058823529413,0.3,random,2,0.3,0.3,0.08
0.74,0.73002976,-0.6249999999999998,-0.30972093,14.016574691254302,16.93216,23.176470588235293,1.0,0.23529411764705882,0.38095238095238093,gnn,2,0.3,0.3,0.1
0.72,0.72687346,-0.7499999999999998,-0.32503328,14.34795755073539,17.611458,18.764705882352942,1.0,0.17647058823529413,0.3,random,2,0.3,0.3,0.1
0.74,0.73436195,-0.6249999999999998,-0.28870398,13.768372079237542,16.471115,26.0,1.0,0.23529411764705882,0.38095238095238093,gnn,2,0.3,0.3,0.12
0.74,0.7328707,-0.6249999999999998,-0.29593855,14.280133324532212,17.524704,15.705882352941176,1.0,0.23529411764705882,0.38095238095238093,random,2,0.3,0.3,0.12
0.74,0.73869425,-0.6249999999999998,-0.26768646,13.475210255162443,15.882267,18.294117647058822,1.0,0.23529411764705882,0.38095238095238093,gnn,2,0.3,0.3,0.14
0.74,0.73720354,-0.6249999999999998,-0.2749184,14.037412027500318,17.034191,15.117647058823529,1.0,0.23529411764705882,0.38095238095238093,random,2,0.3,0.3,0.14
0.76,0.74468875,-0.49999999999999967,-0.23860502,11.889616586319812,14.713726,18.11764705882353,1.0,0.29411764705882354,0.45454545454545453,gnn,2,0.3,0.3,0.16
0.74,0.7448735,-0.6249999999999998,-0.23770861,13.953713154837038,16.952236,20.41176470588235,1.0,0.23529411764705882,0.38095238095238093,random,2,0.3,0.3,0.16
0.76,0.749021,-0.49999999999999967,-0.21758777,11.758018951805466,14.193599,22.705882352941178,1.0,0.29411764705882354,0.45454545454545453,gnn,2,0.3,0.3,0.18
0.74,0.7493275,-0.6249999999999998,-0.2161009,13.511173517672864,16.437204,20.235294117647058,1.0,0.23529411764705882,0.38095238095238093,random,2,0.3,0.3,0.18
0.76,0.7533533,-0.49999999999999967,-0.19657023,11.280431654257963,13.70376,20.823529411764707,1.0,0.29411764705882354,0.45454545454545453,gnn,2,0.3,0.3,0.2
0.76,0.7553247,-0.49999999999999967,-0.18700616,12.708871510595568,15.587048,18.941176470588236,1.0,0.29411764705882354,0.45454545454545453,random,2,0.3,0.3,0.2
0.76,0.7576855,-0.49999999999999967,-0.17555328,10.667647173606214,13.232129,20.058823529411764,1.0,0.29411764705882354,0.45454545454545453,gnn,2,0.3,0.3,0.22
0.78,0.767323,-0.37499999999999956,-0.1287982,10.14996694998152,13.357439,15.823529411764707,1.0,0.35294117647058826,0.5217391304347826,random,2,0.3,0.3,0.22
0.76,0.7636841,-0.49999999999999967,-0.14645189,10.698397331903003,12.911752,19.470588235294116,1.0,0.29411764705882354,0.45454545454545453,gnn,2,0.3,0.3,0.24
0.8,0.7731454,-0.24999999999999947,-0.100551866,10.003143522652305,13.162222,13.823529411764707,1.0,0.4117647058823529,0.5833333333333334,random,2,0.3,0.3,0.24
0.76,0.7686413,-0.49999999999999967,-0.12240277,10.676561521505365,12.091671,18.352941176470587,1.0,0.29411764705882354,0.45454545454545453,gnn,2,0.3,0.3,0.26
0.82,0.77914256,-0.12500000000000008,-0.07145742,9.898773695588279,13.08521,13.176470588235293,1.0,0.47058823529411764,0.6399999999999999,random,2,0.3,0.3,0.26
0.76,0.7718323,-0.49999999999999967,-0.106922135,10.342699343830555,11.301584,18.764705882352942,1.0,0.29411764705882354,0.45454545454545453,gnn,2,0.3,0.3,0.28
0.82,0.7879982,-0.12500000000000008,-0.028495586,9.924477041528894,12.696634,13.823529411764707,1.0,0.47058823529411764,0.6399999999999999,random,2,0.3,0.3,0.28
0.78,0.77782667,-0.37499999999999956,-0.07784128,9.635525299926348,10.71491,19.0,1.0,0.35294117647058826,0.5217391304347826,gnn,2,0.3,0.3,0.3
0.84,0.79387194,0.0,0.0,9.412140495255514,12.116138,12.705882352941176,1.0,0.5294117647058824,0.6923076923076924,random,2,0.3,0.3,0.3
0.78,0.77893186,-0.37499999999999956,-0.07247962,8.829111806831712,10.40962,17.470588235294116,1.0,0.35294117647058826,0.5217391304347826,gnn,2,0.3,0.3,0.32
0.84,0.798253,0.0,0.021254072,8.534230262927617,11.801294,13.117647058823529,0.9090909090909091,0.5882352941176471,0.7142857142857143,random,2,0.3,0.3,0.32
0.78,0.7856072,-0.37499999999999956,-0.040095076,8.776309959967133,10.322763,16.41176470588235,1.0,0.35294117647058826,0.5217391304347826,gnn,2,0.3,0.3,0.34
0.84,0.79825354,0.0,0.021256674,8.534017333710768,11.794018,13.588235294117647,0.9090909090909091,0.5882352941176471,0.7142857142857143,random,2,0.3,0.3,0.34
0.78,0.78994006,-0.37499999999999956,-0.019074937,8.542929759978286,9.970976,16.294117647058822,1.0,0.35294117647058826,0.5217391304347826,gnn,2,0.3,0.3,0.36
0.82,0.8025439,-0.12500000000000008,0.04207064,7.98468676709268,10.917469,12.882352941176471,0.9,0.5294117647058824,0.6666666666666667,random,2,0.3,0.3,0.36
0.78,0.796951,-0.37499999999999956,0.014937592,8.515761434908944,9.783449,16.0,1.0,0.35294117647058826,0.5217391304347826,gnn,2,0.3,0.3,0.38
0.82,0.80089235,-0.12500000000000008,0.034058508,6.902040948747509,10.522513,13.294117647058824,0.9,0.5294117647058824,0.6666666666666667,random,2,0.3,0.3,0.38
0.8,0.80294824,-0.24999999999999947,0.044032324,8.11238336279409,9.364711,14.294117647058824,1.0,0.4117647058823529,0.5833333333333334,gnn,2,0.3,0.3,0.4
0.84,0.8068895,0.0,0.063152656,6.632479033322,10.164953,13.882352941176471,0.9090909090909091,0.5882352941176471,0.7142857142857143,random,2,0.3,0.3,0.4
0.82,0.81509095,-0.12500000000000008,0.10294093,7.847723908787527,8.311167,16.058823529411764,1.0,0.47058823529411764,0.6399999999999999,gnn,2,0.3,0.3,0.42
0.84,0.82152724,0.0,0.13416564,6.467844994107093,9.720395,11.941176470588236,0.9090909090909091,0.5882352941176471,0.7142857142857143,random,2,0.3,0.3,0.42
0.84,0.8210882,0.0,0.13203567,7.037678762041867,7.3513336,13.941176470588236,1.0,0.5294117647058824,0.6923076923076924,gnn,2,0.3,0.3,0.44
0.86,0.83749425,0.12500000000000008,0.21162724,6.233266108868012,8.970732,12.176470588235293,1.0,0.5882352941176471,0.7407407407407407,random,2,0.3,0.3,0.44
0.86,0.82708544,0.12500000000000008,0.1611304,4.354527921674032,5.3602757,12.294117647058824,1.0,0.5882352941176471,0.7407407407407407,gnn,2,0.3,0.3,0.46
0.88,0.84323645,0.25000000000000017,0.23948465,6.199561682298901,8.893664,11.058823529411764,1.0,0.6470588235294118,0.7857142857142858,random,2,0.3,0.3,0.46
0.86,0.83042806,0.12500000000000008,0.17734666,3.6105136017428516,4.9867635,13.647058823529411,1.0,0.5882352941176471,0.7407407407407407,gnn,2,0.3,0.3,0.48
0.88,0.8453391,0.25000000000000017,0.24968547,6.108873852353714,8.242606,11.117647058823529,1.0,0.6470588235294118,0.7857142857142858,random,2,0.3,0.3,0.48
0.86,0.8347609,0.12500000000000008,0.1983668,3.266232853598128,4.599001,13.176470588235293,1.0,0.5882352941176471,0.7407407407407407,gnn,2,0.3,0.3,0.5
0.9,0.8583133,0.3750000000000003,0.3126279,5.993239809981491,7.6863747,10.882352941176471,1.0,0.7058823529411765,0.8275862068965517,random,2,0.3,0.3,0.5
0.86,0.8407626,0.12500000000000008,0.22748323,3.2330547664430593,4.4645185,12.117647058823529,1.0,0.5882352941176471,0.7407407407407407,gnn,2,0.3,0.3,0.52
0.92,0.86159915,0.5000000000000003,0.3285686,4.686370114646081,7.2516923,10.470588235294118,1.0,0.7647058823529411,0.8666666666666666,random,2,0.3,0.3,0.52
0.86,0.84676397,0.12500000000000008,0.2565979,3.240787637527509,4.3135977,12.411764705882353,1.0,0.5882352941176471,0.7407407407407407,gnn,2,0.3,0.3,0.54
0.9,0.862463,0.3750000000000003,0.33275944,4.691155599761271,6.9615574,10.705882352941176,0.9285714285714286,0.7647058823529411,0.8387096774193549,random,2,0.3,0.3,0.54
0.88,0.8527612,0.25000000000000017,0.28569263,3.152329024708241,4.099293,13.058823529411764,1.0,0.6470588235294118,0.7857142857142858,gnn,2,0.3,0.3,0.56
0.9,0.8718088,0.3750000000000003,0.37809935,4.986141107952149,6.1388197,11.0,0.9285714285714286,0.7647058823529411,0.8387096774193549,random,2,0.3,0.3,0.56
0.88,0.85876065,0.25000000000000017,0.31479806,3.1592828521445777,3.8995757,12.647058823529411,1.0,0.6470588235294118,0.7857142857142858,gnn,2,0.3,0.3,0.58
0.9,0.871849,0.3750000000000003,0.37829426,4.986203208041168,6.133887,10.588235294117647,0.9285714285714286,0.7647058823529411,0.8387096774193549,random,2,0.3,0.3,0.58
0.88,0.86476,0.25000000000000017,0.34390292,3.1565620782915813,3.8456497,12.529411764705882,1.0,0.6470588235294118,0.7857142857142858,gnn,2,0.3,0.3,0.6
0.92,0.8778476,0.5000000000000003,0.40739563,4.912999273027338,6.0324163,10.176470588235293,0.9333333333333333,0.8235294117647058,0.8749999999999999,random,2,0.3,0.3,0.6
0.88,0.8712303,0.25000000000000017,0.37529275,3.1545896659085146,3.7718542,11.352941176470589,1.0,0.6470588235294118,0.7857142857142858,gnn,2,0.3,0.3,0.62
0.92,0.87992066,0.5000000000000003,0.41745272,4.396395240107324,5.9123707,10.352941176470589,0.9333333333333333,0.8235294117647058,0.8749999999999999,random,2,0.3,0.3,0.62
0.88,0.877229,0.25000000000000017,0.40439442,3.2198404921294856,3.6668694,11.470588235294118,1.0,0.6470588235294118,0.7857142857142858,gnn,2,0.3,0.3,0.64
0.92,0.89023924,0.5000000000000003,0.4675118,4.669895939578455,5.679469,9.941176470588236,0.9333333333333333,0.8235294117647058,0.8749999999999999,random,2,0.3,0.3,0.64
0.88,0.8833301,0.25000000000000017,0.43399316,3.186051838764556,3.3737943,11.411764705882353,1.0,0.6470588235294118,0.7857142857142858,gnn,2,0.3,0.3,0.66
0.9,0.9056431,0.3750000000000003,0.5422414,5.500147257948431,4.635222,10.117647058823529,0.9285714285714286,0.7647058823529411,0.8387096774193549,random,2,0.3,0.3,0.66
0.9,0.8888087,0.3750000000000003,0.4605719,3.1553825160016458,3.3397083,10.647058823529411,1.0,0.7058823529411765,0.8275862068965517,gnn,2,0.3,0.3,0.68
0.92,0.90988123,0.5000000000000003,0.5628021,5.074031943647815,4.443912,9.235294117647058,0.9333333333333333,0.8235294117647058,0.8749999999999999,random,2,0.3,0.3,0.68
0.9,0.8966236,0.3750000000000003,0.49848464,3.0956408581857238,3.3055809,10.411764705882353,1.0,0.7058823529411765,0.8275862068965517,gnn,2,0.3,0.3,0.7
0.9,0.91833776,0.3750000000000003,0.60382766,3.6498368926615274,3.2307248,9.352941176470589,0.875,0.8235294117647058,0.8484848484848485,random,2,0.3,0.3,0.7
0.9,0.90449446,0.3750000000000003,0.53666896,3.1280336516350236,3.2180395,10.882352941176471,1.0,0.7058823529411765,0.8275862068965517,gnn,2,0.3,0.3,0.72
0.9,0.92141104,0.3750000000000003,0.6187372,3.6944154466588044,3.1633654,9.470588235294118,0.875,0.8235294117647058,0.8484848484848485,random,2,0.3,0.3,0.72
0.9,0.9104933,0.3750000000000003,0.56577146,3.11785123535981,3.169985,10.352941176470589,1.0,0.7058823529411765,0.8275862068965517,gnn,2,0.3,0.3,0.74
0.92,0.92105454,0.5000000000000003,0.61700773,3.0521319567328318,3.1300397,9.411764705882353,0.8823529411764706,0.8823529411764706,0.8823529411764706,random,2,0.3,0.3,0.74
0.92,0.9164878,0.5000000000000003,0.5948529,3.059128059420672,3.122123,9.941176470588236,1.0,0.7647058823529411,0.8666666666666666,gnn,2,0.3,0.3,0.76
0.92,0.9263641,0.5000000000000003,0.64276636,3.106540921598145,3.0264747,10.058823529411764,0.8823529411764706,0.8823529411764706,0.8823529411764706,random,2,0.3,0.3,0.76
0.94,0.9223425,0.6249999999999998,0.62325597,2.823952420468629,2.9455872,9.529411764705882,1.0,0.8235294117647058,0.9032258064516129,gnn,2,0.3,0.3,0.78
0.94,0.9363629,0.6249999999999998,0.69127405,3.101533466999139,3.021454,10.0,0.8888888888888888,0.9411764705882353,0.9142857142857143,random,2,0.3,0.3,0.78
0.94,0.928341,0.6249999999999998,0.65235674,2.7955126639160186,2.7980099,9.470588235294118,1.0,0.8235294117647058,0.9032258064516129,gnn,2,0.3,0.3,0.8
0.94,0.94493693,0.6249999999999998,0.7328696,2.996009266885553,2.6819196,10.0,0.8888888888888888,0.9411764705882353,0.9142857142857143,random,2,0.3,0.3,0.8
0.96,0.9343355,0.7499999999999998,0.6814382,2.7726896075052925,2.7770877,9.470588235294118,1.0,0.8823529411764706,0.9375,gnn,2,0.3,0.3,0.82
0.96,0.94299364,0.7499999999999998,0.723442,3.318919358156484,3.0017796,9.882352941176471,0.9411764705882353,0.9411764705882353,0.9411764705882353,random,2,0.3,0.3,0.82
0.96,0.94147354,0.7499999999999998,0.7160675,2.3170034841067557,2.7521472,9.411764705882353,1.0,0.8823529411764706,0.9375,gnn,2,0.3,0.3,0.84
0.96,0.9489929,0.7499999999999998,0.7525466,3.314101351911155,2.9091644,9.882352941176471,0.9411764705882353,0.9411764705882353,0.9411764705882353,random,2,0.3,0.3,0.84
0.98,0.947468,0.8749999999999999,0.74514866,1.8562240787681301,2.3472624,9.352941176470589,1.0,0.9411764705882353,0.9696969696969697,gnn,2,0.3,0.3,0.86
0.96,0.9541237,0.7499999999999998,0.77743775,3.2634918983098227,2.7152488,9.882352941176471,0.9411764705882353,0.9411764705882353,0.9411764705882353,random,2,0.3,0.3,0.86
0.98,0.95746005,0.8749999999999999,0.7936237,1.6891242018266106,2.0701904,9.235294117647058,1.0,0.9411764705882353,0.9696969696969697,gnn,2,0.3,0.3,0.88
0.96,0.960123,0.7499999999999998,0.80654263,3.241704099613035,2.6356037,9.882352941176471,0.9411764705882353,0.9411764705882353,0.9411764705882353,random,2,0.3,0.3,0.88
0.98,0.96345854,0.8749999999999999,0.82272446,1.6636213671659157,1.9504672,9.176470588235293,1.0,0.9411764705882353,0.9696969696969697,gnn,2,0.3,0.3,0.9
0.96,0.96445584,0.7499999999999998,0.82756275,2.7146691320692593,2.247484,9.882352941176471,0.9411764705882353,0.9411764705882353,0.9411764705882353,random,2,0.3,0.3,0.9
0.98,0.96880174,0.8749999999999999,0.8486462,1.621069297876682,1.9154059,9.117647058823529,1.0,0.9411764705882353,0.9696969696969697,gnn,2,0.3,0.3,0.92
0.96,0.9704536,0.7499999999999998,0.85666007,2.656880864208191,2.2157204,9.882352941176471,0.9411764705882353,0.9411764705882353,0.9411764705882353,random,2,0.3,0.3,0.92
0.98,0.9708067,0.8749999999999999,0.8583731,1.618222807271916,1.730956,9.117647058823529,1.0,0.9411764705882353,0.9696969696969697,gnn,2,0.3,0.3,0.94
1.0,0.9713307,1.0,0.8609151,2.0545587396025455,2.2024047,9.0,1.0,1.0,1.0,random,2,0.3,0.3,0.94
0.98,0.97680527,0.8749999999999999,0.8874742,1.6017366342779278,1.6481618,9.058823529411764,1.0,0.9411764705882353,0.9696969696969697,gnn,2,0.3,0.3,0.96
1.0,0.9790851,1.0,0.89853436,1.8177754209346373,1.6645705,9.0,1.0,1.0,1.0,random,2,0.3,0.3,0.96
0.98,0.98098445,0.8749999999999999,0.9077489,1.5989694284606906,1.5576187,9.058823529411764,1.0,0.9411764705882353,0.9696969696969697,gnn,2,0.3,0.3,0.98
1.0,0.97924757,1.0,0.8993226,1.1768920298986674,1.6565197,9.0,1.0,1.0,1.0,random,2,0.3,0.3,0.98
1.0,0.9852461,1.0,0.9284237,1.174593719441245,1.3658676,9.0,1.0,1.0,1.0,gnn,2,0.3,0.3,1.0
1.0,0.9852461,1.0,0.9284237,1.174593719441245,1.3658676,9.0,1.0,1.0,1.0,random,2,0.3,0.3,1.0
0.66,0.70116174,-0.21428571428571405,-0.36783704,18.172715070397608,18.987259,25.294117647058822,0.5,0.058823529411764705,0.10526315789473684,gnn,3,0.3,0.3,0.02
0.62,0.7010205,-0.35714285714285704,-0.36848363,18.20118006869106,19.639853,29.294117647058822,0.0,0.0,0.0,random,3,0.3,0.3,0.02
0.66,0.710962,-0.21428571428571405,-0.32297948,18.187312518376658,18.609312,27.470588235294116,0.5,0.058823529411764705,0.10526315789473684,gnn,3,0.3,0.3,0.04
0.66,0.704409,-0.21428571428571405,-0.35297373,16.643881954580994,18.87526,28.058823529411764,0.5,0.11764705882352941,0.19047619047619047,random,3,0.3,0.3,0.04
0.68,0.71695924,-0.14285714285714257,-0.29552904,17.708000293141982,17.685236,24.529411764705884,0.6666666666666666,0.11764705882352941,0.2,gnn,3,0.3,0.3,0.06
0.68,0.7107749,-0.14285714285714257,-0.32383588,16.922673599605588,18.612494,25.176470588235293,0.6666666666666666,0.11764705882352941,0.2,random,3,0.3,0.3,0.06
0.7,0.72882676,-0.07142857142857148,-0.24120922,17.38777658889858,17.044195,19.176470588235293,1.0,0.11764705882352941,0.21052631578947367,gnn,3,0.3,0.3,0.08
0.68,0.7151072,-0.14285714285714257,-0.30400613,16.239616666164185,18.056223,23.235294117647058,0.6666666666666666,0.11764705882352941,0.2,random,3,0.3,0.3,0.08
0.7,0.7293713,-0.07142857142857148,-0.23871672,17.481582702885785,16.868917,24.470588235294116,1.0,0.11764705882352941,0.21052631578947367,gnn,3,0.3,0.3,0.1
0.68,0.7193709,-0.14285714285714257,-0.2844904,16.093465797307598,17.867996,22.88235294117647,0.6666666666666666,0.11764705882352941,0.2,random,3,0.3,0.3,0.1
0.7,0.73536974,-0.07142857142857148,-0.21126081,17.425478871763126,16.83147,22.058823529411764,1.0,0.11764705882352941,0.21052631578947367,gnn,3,0.3,0.3,0.12
0.68,0.7189344,-0.14285714285714257,-0.2864883,14.535591374477871,17.243423,22.41176470588235,0.6,0.17647058823529413,0.2727272727272727,random,3,0.3,0.3,0.12
0.72,0.7413643,0.0,-0.18382263,16.10032056476017,15.364908,22.764705882352942,1.0,0.17647058823529413,0.3,gnn,3,0.3,0.3,0.14
0.68,0.7168801,-0.14285714285714257,-0.29589134,13.190841703841778,16.861506,23.88235294117647,0.6,0.17647058823529413,0.2727272727272727,random,3,0.3,0.3,0.14
0.72,0.74569654,0.0,-0.16399315,15.470247699635374,14.8058,19.88235294117647,1.0,0.17647058823529413,0.3,gnn,3,0.3,0.3,0.16
0.64,0.7419856,-0.28571428571428553,-0.18097873,14.603081718626443,16.181856,22.647058823529413,0.3333333333333333,0.058823529411764705,0.1,random,3,0.3,0.3,0.16
0.72,0.7500288,0.0,-0.14416368,14.780381825000905,14.242753,18.529411764705884,1.0,0.17647058823529413,0.3,gnn,3,0.3,0.3,0.18
0.66,0.7433588,-0.21428571428571405,-0.17469348,13.227447668436403,15.699812,21.11764705882353,0.5,0.11764705882352941,0.19047619047619047,random,3,0.3,0.3,0.18
0.72,0.7543611,0.0,-0.12433394,14.341453870504866,13.710911,20.235294117647058,1.0,0.17647058823529413,0.3,gnn,3,0.3,0.3,0.2
0.68,0.7493584,-0.14285714285714257,-0.1472321,12.77289877822746,14.843864,19.352941176470587,0.6,0.17647058823529413,0.2727272727272727,random,3,0.3,0.3,0.2
0.74,0.76035553,0.07142857142857148,-0.096896306,12.653581144040707,12.023813,19.11764705882353,1.0,0.23529411764705882,0.38095238095238093,gnn,3,0.3,0.3,0.22
0.7,0.7641188,-0.07142857142857148,-0.07967118,12.7915775876214,13.698459,20.41176470588235,0.6666666666666666,0.23529411764705882,0.3478260869565218,random,3,0.3,0.3,0.22
0.76,0.7663416,0.14285714285714296,-0.06949686,12.19841584384295,11.4989805,20.58823529411765,1.0,0.29411764705882354,0.45454545454545453,gnn,3,0.3,0.3,0.24
0.7,0.76845205,-0.07142857142857148,-0.059837077,12.362156740009393,13.266067,19.941176470588236,0.6666666666666666,0.23529411764705882,0.3478260869565218,random,3,0.3,0.3,0.24
0.78,0.77233887,0.21428571428571447,-0.0420464,10.916432241742832,10.090421,17.0,1.0,0.35294117647058826,0.5217391304347826,gnn,3,0.3,0.3,0.26
0.7,0.76969385,-0.07142857142857148,-0.05415312,11.6801228256784,13.146253,19.0,0.6666666666666666,0.23529411764705882,0.3478260869565218,random,3,0.3,0.3,0.26
0.78,0.7783381,0.21428571428571447,-0.014586937,10.197256603001561,9.315459,17.529411764705884,1.0,0.35294117647058826,0.5217391304347826,gnn,3,0.3,0.3,0.28
0.7,0.77417976,-0.07142857142857148,-0.033620313,11.690891978295072,12.520788,19.352941176470587,0.6666666666666666,0.23529411764705882,0.3478260869565218,random,3,0.3,0.3,0.28
0.8,0.7843353,0.2857142857142859,0.012863524,9.572766922793646,8.8703165,16.235294117647058,1.0,0.4117647058823529,0.5833333333333334,gnn,3,0.3,0.3,0.3
0.72,0.78152496,0.0,0.0,11.832438372846923,12.181615,18.88235294117647,0.8,0.23529411764705882,0.3636363636363636,random,3,0.3,0.3,0.3
0.82,0.79033256,0.35714285714285704,0.040313985,8.958858693432267,8.204733,14.176470588235293,1.0,0.47058823529411764,0.6399999999999999,gnn,3,0.3,0.3,0.32
0.74,0.78752434,0.07142857142857148,0.027460283,11.279219090690777,11.418479,17.647058823529413,0.8333333333333334,0.29411764705882354,0.4347826086956522,random,3,0.3,0.3,0.32
0.82,0.7946654,0.35714285714285704,0.060146183,8.464690288992346,7.8875403,13.0,1.0,0.47058823529411764,0.6399999999999999,gnn,3,0.3,0.3,0.34
0.74,0.7955763,0.07142857142857148,0.06431544,11.46530305640134,11.262821,16.352941176470587,0.8333333333333334,0.29411764705882354,0.4347826086956522,random,3,0.3,0.3,0.34
0.84,0.8006625,0.4285714285714285,0.087596096,7.1742445454987305,7.0434,15.941176470588236,1.0,0.5294117647058824,0.6923076923076924,gnn,3,0.3,0.3,0.36
0.76,0.8014837,0.14285714285714296,0.09135476,11.11390086029156,10.808499,16.705882352941178,0.8571428571428571,0.35294117647058826,0.5,random,3,0.3,0.3,0.36
0.84,0.8066599,0.4285714285714285,0.115047105,7.0720829039547395,7.028723,15.764705882352942,1.0,0.5294117647058824,0.6923076923076924,gnn,3,0.3,0.3,0.38
0.76,0.801663,0.14285714285714296,0.0921754,9.616276287934651,9.753912,16.176470588235293,0.7777777777777778,0.4117647058823529,0.5384615384615384,random,3,0.3,0.3,0.38
0.84,0.8109926,0.4285714285714285,0.13487875,6.744357993795921,6.7154255,13.941176470588236,1.0,0.5294117647058824,0.6923076923076924,gnn,3,0.3,0.3,0.4
0.78,0.80766225,0.21428571428571447,0.11963514,9.36465795459186,9.4951105,14.882352941176471,0.8,0.47058823529411764,0.5925925925925927,random,3,0.3,0.3,0.4
0.84,0.81259596,0.4285714285714285,0.14221765,6.51831745949677,6.4219527,14.0,1.0,0.5294117647058824,0.6923076923076924,gnn,3,0.3,0.3,0.42
0.8,0.816873,0.2857142857142859,0.16179448,9.133409416068753,8.446735,14.470588235294118,0.8181818181818182,0.5294117647058824,0.6428571428571428,random,3,0.3,0.3,0.42
0.84,0.81697625,0.4285714285714285,0.16226701,6.135766255961459,6.030299,12.529411764705882,1.0,0.5294117647058824,0.6923076923076924,gnn,3,0.3,0.3,0.44
0.86,0.8112886,0.5,0.13623358,7.406344094289913,8.55766,12.352941176470589,0.8571428571428571,0.7058823529411765,0.7741935483870968,random,3,0.3,0.3,0.44
0.86,0.827616,0.5,0.21096697,6.0009637550982635,5.824431,14.941176470588236,1.0,0.5882352941176471,0.7407407407407407,gnn,3,0.3,0.3,0.46
0.86,0.8182578,0.5,0.16813295,7.3174357599454485,8.440414,12.117647058823529,0.8571428571428571,0.7058823529411765,0.7741935483870968,random,3,0.3,0.3,0.46
0.86,0.83114135,0.5,0.22710326,5.867420720018585,5.693902,12.941176470588236,1.0,0.5882352941176471,0.7407407407407407,gnn,3,0.3,0.3,0.48
0.86,0.8218138,0.5,0.18440947,7.3065947636717965,8.353035,12.0,0.8571428571428571,0.7058823529411765,0.7741935483870968,random,3,0.3,0.3,0.48
0.86,0.8354741,0.5,0.24693492,5.440118802663076,5.298798,13.764705882352942,1.0,0.5882352941176471,0.7407407407407407,gnn,3,0.3,0.3,0.5
0.88,0.8278132,0.5714285714285715,0.21186975,7.269765341342476,8.176168,11.764705882352942,0.8666666666666667,0.7647058823529411,0.8125,random,3,0.3,0.3,0.5
0.88,0.84147143,0.5714285714285715,0.27438593,4.668728278796196,4.690974,12.647058823529411,1.0,0.6470588235294118,0.7857142857142858,gnn,3,0.3,0.3,0.52
0.88,0.8367946,0.5714285714285715,0.25297928,7.3601373808503014,8.024906,11.588235294117647,0.8666666666666667,0.7647058823529411,0.8125,random,3,0.3,0.3,0.52
0.88,0.8464731,0.5714285714285715,0.29727945,4.6692633382794035,4.655892,12.058823529411764,1.0,0.6470588235294118,0.7857142857142858,gnn,3,0.3,0.3,0.54
0.9,0.85533553,0.642857142857143,0.33784443,6.905543011454687,7.321259,10.882352941176471,0.9285714285714286,0.7647058823529411,0.8387096774193549,random,3,0.3,0.3,0.54
0.9,0.8575937,0.642857142857143,0.34818053,4.435189297953998,4.358811,11.470588235294118,1.0,0.7058823529411765,0.8275862068965517,gnn,3,0.3,0.3,0.56
0.9,0.8641771,0.642857142857143,0.37831393,6.769058038676204,7.069052,11.058823529411764,0.9285714285714286,0.7647058823529411,0.8387096774193549,random,3,0.3,0.3,0.56
0.9,0.8619265,0.642857142857143,0.36801246,4.016170547902959,4.0212126,11.529411764705882,1.0,0.7058823529411765,0.8275862068965517,gnn,3,0.3,0.3,0.58
0.9,0.87181413,0.642857142857143,0.41326997,6.4272885826892,6.4960384,10.823529411764707,0.9285714285714286,0.7647058823529411,0.8387096774193549,random,3,0.3,0.3,0.58
0.9,0.8679257,0.642857142857143,0.39547193,3.9547841580177727,3.710713,11.058823529411764,1.0,0.7058823529411765,0.8275862068965517,gnn,3,0.3,0.3,0.6
0.92,0.88069934,0.7142857142857144,0.45393917,5.689571873344667,6.056909,10.117647058823529,0.9333333333333333,0.8235294117647058,0.8749999999999999,random,3,0.3,0.3,0.6
0.9,0.8739251,0.642857142857143,0.4229322,3.953785827716406,3.6842747,11.0,1.0,0.7058823529411765,0.8275862068965517,gnn,3,0.3,0.3,0.62
0.92,0.88458145,0.7142857142857144,0.4717083,5.381229822183227,5.925554,10.117647058823529,0.9333333333333333,0.8235294117647058,0.8749999999999999,random,3,0.3,0.3,0.62
0.9,0.87992454,0.642857142857143,0.45039275,3.9268782688585007,3.586687,10.470588235294118,1.0,0.7058823529411765,0.8275862068965517,gnn,3,0.3,0.3,0.64
0.92,0.8855085,0.7142857142857144,0.4759515,5.386508764881946,5.8865557,10.294117647058824,0.9333333333333333,0.8235294117647058,0.8749999999999999,random,3,0.3,0.3,0.64
0.9,0.8832523,0.642857142857143,0.46562466,3.911666096957981,3.4868958,10.411764705882353,1.0,0.7058823529411765,0.8275862068965517,gnn,3,0.3,0.3,0.66
0.92,0.88887113,0.7142857142857144,0.49134296,5.3508404500156574,5.6990333,10.294117647058824,0.9333333333333333,0.8235294117647058,0.8749999999999999,random,3,0.3,0.3,0.66
0.9,0.8891999,0.642857142857143,0.49284786,3.906545553971936,3.417496,10.411764705882353,1.0,0.7058823529411765,0.8275862068965517,gnn,3,0.3,0.3,0.68
0.92,0.89487046,0.7142857142857144,0.518803,5.287579836897638,5.6971674,10.176470588235293,0.9333333333333333,0.8235294117647058,0.8749999999999999,random,3,0.3,0.3,0.68
0.9,0.89519835,0.642857142857143,0.5203038,3.864106975757477,3.3966155,10.294117647058824,1.0,0.7058823529411765,0.8275862068965517,gnn,3,0.3,0.3,0.7
0.92,0.90961397,0.7142857142857144,0.58628666,5.267220305711379,4.9043193,10.0,1.0,0.7647058823529411,0.8666666666666666,random,3,0.3,0.3,0.7
0.92,0.9011928,0.7142857142857144,0.5477414,3.7806343232268182,3.3296835,10.235294117647058,1.0,0.7647058823529411,0.8666666666666666,gnn,3,0.3,0.3,0.72
0.92,0.91561353,0.7142857142857144,0.6137478,5.196125434119262,4.7091985,9.882352941176471,1.0,0.7647058823529411,0.8666666666666666,random,3,0.3,0.3,0.72
0.92,0.90705943,0.7142857142857144,0.57459414,3.753330887038047,3.2488098,9.941176470588236,1.0,0.7647058823529411,0.8666666666666666,gnn,3,0.3,0.3,0.74
0.92,0.9195486,0.7142857142857144,0.63175917,4.5902629468461775,4.4411983,9.823529411764707,1.0,0.7647058823529411,0.8666666666666666,random,3,0.3,0.3,0.74
0.92,0.914023,0.7142857142857144,0.60646755,3.6327992230513932,3.1059527,9.882352941176471,1.0,0.7647058823529411,0.8666666666666666,gnn,3,0.3,0.3,0.76
0.9,0.93498796,0.642857142857143,0.7024281,3.6310211145029814,2.9956324,9.764705882352942,0.9285714285714286,0.7647058823529411,0.8387096774193549,random,3,0.3,0.3,0.76
0.94,0.91972613,0.7857142857142856,0.63257194,3.591982343117694,3.0585053,9.411764705882353,1.0,0.8235294117647058,0.9032258064516129,gnn,3,0.3,0.3,0.78
0.92,0.93231493,0.7142857142857144,0.6901931,4.111515155417647,3.5432656,9.411764705882353,1.0,0.7647058823529411,0.8666666666666666,random,3,0.3,0.3,0.78
0.96,0.9257205,0.857142857142857,0.66000926,3.421580374019149,2.9399636,9.176470588235293,1.0,0.8823529411764706,0.9375,gnn,3,0.3,0.3,0.8
0.92,0.9344333,0.7142857142857144,0.6998892,3.1916384100891024,3.3983717,9.470588235294118,1.0,0.7647058823529411,0.8666666666666666,random,3,0.3,0.3,0.8
0.96,0.9307076,0.857142857142857,0.682836,3.3591481634940976,2.8438036,9.176470588235293,1.0,0.8823529411764706,0.9375,gnn,3,0.3,0.3,0.82
0.92,0.9434889,0.7142857142857144,0.7413384,3.201625859623596,3.180466,9.411764705882353,1.0,0.7647058823529411,0.8666666666666666,random,3,0.3,0.3,0.82
0.98,0.936702,0.9285714285714285,0.7102736,3.445022411971136,2.7054682,9.117647058823529,1.0,0.9411764705882353,0.9696969696969697,gnn,3,0.3,0.3,0.84
0.94,0.9521297,0.7857142857142856,0.78088903,2.786058563220919,2.7561092,9.352941176470589,1.0,0.8235294117647058,0.9032258064516129,random,3,0.3,0.3,0.84
0.98,0.94366837,0.9285714285714285,0.74215984,3.324490631747161,2.5625846,9.117647058823529,1.0,0.9411764705882353,0.9696969696969697,gnn,3,0.3,0.3,0.86
0.94,0.9604535,0.7857142857142856,0.8189885,2.846977149159159,2.7179186,9.294117647058824,1.0,0.8235294117647058,0.9032258064516129,random,3,0.3,0.3,0.86
0.98,0.95080584,0.9285714285714285,0.7748294,2.966625318263973,2.4354043,9.117647058823529,1.0,0.9411764705882353,0.9696969696969697,gnn,3,0.3,0.3,0.88
0.96,0.9627095,0.857142857142857,0.82931453,2.5303649411163063,2.5613542,9.117647058823529,1.0,0.8823529411764706,0.9375,random,3,0.3,0.3,0.88
0.98,0.95680463,0.9285714285714285,0.8022869,2.9666081492666025,2.3421628,9.117647058823529,1.0,0.9411764705882353,0.9696969696969697,gnn,3,0.3,0.3,0.9
0.98,0.96870667,0.9285714285714285,0.85676473,2.4797106092885697,2.5144987,9.058823529411764,1.0,0.9411764705882353,0.9696969696969697,random,3,0.3,0.3,0.9
1.0,0.96279913,1.0,0.82972485,2.9113383784898605,2.289,9.0,1.0,1.0,1.0,gnn,3,0.3,0.3,0.92
0.98,0.9686792,0.9285714285714285,0.85663897,2.4792960577411605,2.515492,9.0,1.0,0.9411764705882353,0.9696969696969697,random,3,0.3,0.3,0.92
1.0,0.9687977,1.0,0.8571813,2.163469655699322,2.2190135,9.0,1.0,1.0,1.0,gnn,3,0.3,0.3,0.94
1.0,0.9746736,1.0,0.8840766,2.156075525010399,2.3636525,9.0,1.0,1.0,1.0,random,3,0.3,0.3,0.94
1.0,0.97498155,1.0,0.885486,2.148795505091046,2.1731517,9.0,1.0,1.0,1.0,gnn,3,0.3,0.3,0.96
1.0,0.9773901,1.0,0.8965104,2.138755584699768,2.3409703,9.0,1.0,1.0,1.0,random,3,0.3,0.3,0.96
1.0,0.9809801,1.0,0.91294247,2.1273918967629792,2.0794652,9.0,1.0,1.0,1.0,gnn,3,0.3,0.3,0.98
1.0,0.9805467,1.0,0.91095877,2.1074372332663773,2.1435673,9.0,1.0,1.0,1.0,random,3,0.3,0.3,0.98
1.0,0.98654556,1.0,0.9384166,2.107420064269006,2.050326,9.0,1.0,1.0,1.0,gnn,3,0.3,0.3,1.0
1.0,0.98654556,1.0,0.9384166,2.107420064269006,2.050326,9.0,1.0,1.0,1.0,random,3,0.3,0.3,1.0
0.74,0.70417315,-0.3000000000000003,-0.45145437,16.412224094463213,19.2755,23.142857142857142,1.0,0.07142857142857142,0.13333333333333333,gnn,4,0.3,0.3,0.02
0.72,0.7043852,-0.40000000000000047,-0.45041385,17.383083455763103,20.29567,22.428571428571427,0.0,0.0,0.0,random,4,0.3,0.3,0.02
0.76,0.71017027,-0.20000000000000023,-0.4220299,15.744280620863744,18.47371,19.5,1.0,0.14285714285714285,0.25,gnn,4,0.3,0.3,0.04
0.72,0.7087175,-0.40000000000000047,-0.4291577,16.961777310656444,19.892265,22.071428571428573,0.0,0.0,0.0,random,4,0.3,0.3,0.04
0.76,0.71450317,-0.20000000000000023,-0.40077084,15.210702447051437,17.986168,20.642857142857142,1.0,0.14285714285714285,0.25,gnn,4,0.3,0.3,0.06
0.72,0.7108972,-0.40000000000000047,-0.41846323,16.19344259598223,19.564024,19.071428571428573,0.0,0.0,0.0,random,4,0.3,0.3,0.06
0.78,0.72050035,-0.10000000000000012,-0.37134606,12.895024527316096,16.150791,17.571428571428573,1.0,0.21428571428571427,0.35294117647058826,gnn,4,0.3,0.3,0.08
0.72,0.7172659,-0.40000000000000047,-0.38721564,15.849777728834887,19.188057,19.928571428571427,0.0,0.0,0.0,random,4,0.3,0.3,0.08
0.78,0.72483313,-0.10000000000000012,-0.35008758,12.751325879192404,15.787628,15.285714285714286,1.0,0.21428571428571427,0.35294117647058826,gnn,4,0.3,0.3,0.1
0.74,0.7232631,-0.3000000000000003,-0.3577909,15.047519539391423,18.177095,18.428571428571427,1.0,0.07142857142857142,0.13333333333333333,random,4,0.3,0.3,0.1
0.78,0.729166,-0.10000000000000012,-0.32882878,12.175475549328619,15.261727,20.071428571428573,1.0,0.21428571428571427,0.35294117647058826,gnn,4,0.3,0.3,0.12
0.74,0.73064077,-0.3000000000000003,-0.32159278,15.063711930225645,18.019554,17.357142857142858,1.0,0.07142857142857142,0.13333333333333333,random,4,0.3,0.3,0.12
0.78,0.7334987,-0.10000000000000012,-0.30757058,12.01647231243872,14.742945,20.571428571428573,1.0,0.21428571428571427,0.35294117647058826,gnn,4,0.3,0.3,0.14
0.76,0.736638,-0.20000000000000023,-0.29216772,14.039717816395262,17.02212,16.0,1.0,0.14285714285714285,0.25,random,4,0.3,0.3,0.14
0.8,0.739496,0.0,-0.27814522,10.108378043105478,13.3791895,16.642857142857142,1.0,0.2857142857142857,0.4444444444444445,gnn,4,0.3,0.3,0.16
0.78,0.7526873,-0.10000000000000012,-0.2134231,12.306874730316668,15.391105,16.142857142857142,1.0,0.21428571428571427,0.35294117647058826,random,4,0.3,0.3,0.16
0.8,0.7438287,0.0,-0.25688705,9.500170881259816,12.844418,18.142857142857142,1.0,0.2857142857142857,0.4444444444444445,gnn,4,0.3,0.3,0.18
0.78,0.75723875,-0.10000000000000012,-0.19109163,11.997803921621214,14.856351,15.5,1.0,0.21428571428571427,0.35294117647058826,random,4,0.3,0.3,0.18
0.8,0.7481616,0.0,-0.23562795,9.132631587486213,12.33109,18.928571428571427,1.0,0.2857142857142857,0.4444444444444445,gnn,4,0.3,0.3,0.2
0.8,0.76323736,0.0,-0.16165984,11.886493635102546,14.760249,16.642857142857142,1.0,0.2857142857142857,0.4444444444444445,random,4,0.3,0.3,0.2
0.82,0.7541588,0.09999999999999956,-0.20620319,8.994138605343094,12.034658,18.928571428571427,1.0,0.35714285714285715,0.5263157894736842,gnn,4,0.3,0.3,0.22
0.8,0.7682755,0.0,-0.13694054,11.690737024227996,14.671857,16.428571428571427,1.0,0.2857142857142857,0.4444444444444445,random,4,0.3,0.3,0.22
0.82,0.7601605,0.09999999999999956,-0.1767562,8.874897330394088,11.776892,14.642857142857142,1.0,0.35714285714285715,0.5263157894736842,gnn,4,0.3,0.3,0.24
0.78,0.7808707,-0.10000000000000012,-0.07514316,12.490653910904884,12.930735,14.571428571428571,0.8,0.2857142857142857,0.4210526315789473,random,4,0.3,0.3,0.24
0.82,0.7644932,0.09999999999999956,-0.155498,8.315478321025074,11.217398,16.357142857142858,1.0,0.35714285714285715,0.5263157894736842,gnn,4,0.3,0.3,0.26
0.78,0.78585416,-0.10000000000000012,-0.05069203,12.150328419339107,12.448434,14.714285714285714,0.8,0.2857142857142857,0.4210526315789473,random,4,0.3,0.3,0.26
0.82,0.77049255,0.09999999999999956,-0.1260627,8.282135940230292,10.919873,16.428571428571427,1.0,0.35714285714285715,0.5263157894736842,gnn,4,0.3,0.3,0.28
0.8,0.7918529,0.0,-0.021259665,11.960901773710166,12.225288,14.0,0.8333333333333334,0.35714285714285715,0.5,random,4,0.3,0.3,0.28
0.84,0.7764931,0.19999999999999968,-0.09662157,8.078007873876842,10.737774,12.571428571428571,1.0,0.42857142857142855,0.6,gnn,4,0.3,0.3,0.3
0.8,0.7961859,0.0,0.0,11.423841214517136,11.669717,12.857142857142858,0.8333333333333334,0.35714285714285715,0.5,random,4,0.3,0.3,0.3
0.82,0.7841538,0.09999999999999956,-0.05903464,7.383677097879792,9.934657,13.642857142857142,0.8571428571428571,0.42857142857142855,0.5714285714285714,gnn,4,0.3,0.3,0.32
0.8,0.80002296,0.0,0.01882622,11.294364256266633,11.578291,13.285714285714286,0.8333333333333334,0.35714285714285715,0.5,random,4,0.3,0.3,0.32
0.82,0.7906764,0.09999999999999956,-0.027031967,7.425009310683809,9.362642,13.357142857142858,0.8571428571428571,0.42857142857142855,0.5714285714285714,gnn,4,0.3,0.3,0.34
0.78,0.8133837,-0.10000000000000012,0.08437978,9.511485225714555,9.761059,15.285714285714286,0.7142857142857143,0.35714285714285715,0.4761904761904762,random,4,0.3,0.3,0.34
0.82,0.79989153,0.09999999999999956,0.018181376,7.257319248020152,9.036191,13.214285714285714,0.8571428571428571,0.42857142857142855,0.5714285714285714,gnn,4,0.3,0.3,0.36
0.78,0.8175089,-0.10000000000000012,0.10461968,9.307873793080633,9.6037245,15.0,0.7142857142857143,0.35714285714285715,0.4761904761904762,random,4,0.3,0.3,0.36
0.82,0.799323,0.09999999999999956,0.015392026,7.192149161176466,8.34999,13.5,0.8571428571428571,0.42857142857142855,0.5714285714285714,gnn,4,0.3,0.3,0.38
0.8,0.8212687,0.0,0.123066895,7.843904616465304,8.901117,14.142857142857142,0.75,0.42857142857142855,0.5454545454545454,random,4,0.3,0.3,0.38
0.84,0.80531746,0.19999999999999968,0.044803333,6.585737158275932,7.9088926,11.714285714285714,0.875,0.5,0.6363636363636364,gnn,4,0.3,0.3,0.4
0.8,0.83043134,0.0,0.16802289,7.689930321869134,8.564058,13.357142857142858,0.75,0.42857142857142855,0.5454545454545454,random,4,0.3,0.3,0.4
0.84,0.811316,0.19999999999999968,0.07423482,6.505552803067988,7.477242,12.142857142857142,0.875,0.5,0.6363636363636364,gnn,4,0.3,0.3,0.42
0.8,0.8401225,0.0,0.215572,7.42579212031304,7.9683933,13.142857142857142,0.75,0.42857142857142855,0.5454545454545454,random,4,0.3,0.3,0.42
0.84,0.81732637,0.19999999999999968,0.10372421,6.5144961426148384,7.0966535,11.928571428571429,0.875,0.5,0.6363636363636364,gnn,4,0.3,0.3,0.44
0.8,0.8493692,0.0,0.26094034,7.451266744614258,7.8201146,12.357142857142858,0.75,0.42857142857142855,0.5454545454545454,random,4,0.3,0.3,0.44
0.86,0.823309,0.29999999999999977,0.13307762,6.443942137342702,6.8866954,10.642857142857142,0.8888888888888888,0.5714285714285714,0.6956521739130435,gnn,4,0.3,0.3,0.46
0.82,0.85496694,0.09999999999999956,0.28840512,7.221232300043152,7.5898037,11.5,0.7777777777777778,0.5,0.6086956521739131,random,4,0.3,0.3,0.46
0.88,0.82930344,0.3999999999999999,0.16248892,6.420410253895155,6.80823,10.357142857142858,0.9,0.6428571428571429,0.75,gnn,4,0.3,0.3,0.48
0.84,0.86096555,0.19999999999999968,0.3178369,7.133655022080903,7.5030885,11.0,0.8,0.5714285714285714,0.6666666666666666,random,4,0.3,0.3,0.48
0.88,0.835302,0.3999999999999999,0.19192041,5.972774631634894,6.2380347,10.357142857142858,0.9,0.6428571428571429,0.75,gnn,4,0.3,0.3,0.5
0.86,0.8663153,0.29999999999999977,0.34408513,7.097108020707899,7.414367,10.857142857142858,0.8181818181818182,0.6428571428571429,0.7200000000000001,random,4,0.3,0.3,0.5
0.88,0.8382721,0.3999999999999999,0.206493,6.045036162072117,6.2100196,10.857142857142858,0.9,0.6428571428571429,0.75,gnn,4,0.3,0.3,0.52
0.88,0.87618333,0.3999999999999999,0.39250192,6.210566365600711,6.3780212,10.285714285714286,0.8333333333333334,0.7142857142857143,0.7692307692307692,random,4,0.3,0.3,0.52
0.88,0.8459334,0.3999999999999999,0.24408257,6.0226585066390355,6.0409703,10.785714285714286,0.9,0.6428571428571429,0.75,gnn,4,0.3,0.3,0.54
0.88,0.88140225,0.3999999999999999,0.4181082,6.153927930251779,6.27636,10.428571428571429,0.8333333333333334,0.7142857142857143,0.7692307692307692,random,4,0.3,0.3,0.54
0.88,0.8502657,0.3999999999999999,0.26533872,5.496621011460782,5.51488,11.0,0.9,0.6428571428571429,0.75,gnn,4,0.3,0.3,0.56
0.88,0.88273394,0.3999999999999999,0.42464203,6.002466892741776,5.9625793,10.428571428571429,0.8333333333333334,0.7142857142857143,0.7692307692307692,random,4,0.3,0.3,0.56
0.86,0.8579263,0.29999999999999977,0.30292508,4.750675123088084,4.6703596,11.285714285714286,0.8181818181818182,0.6428571428571429,0.7200000000000001,gnn,4,0.3,0.3,0.58
0.9,0.8886008,0.5,0.45342752,5.03256129951997,5.8397484,10.071428571428571,0.8461538461538461,0.7857142857142857,0.8148148148148148,random,4,0.3,0.3,0.58
0.88,0.86392075,0.3999999999999999,0.3323364,3.3747891622780766,3.4403226,11.0,0.8333333333333334,0.7142857142857143,0.7692307692307692,gnn,4,0.3,0.3,0.6
0.92,0.89459944,0.6000000000000001,0.48285928,4.967256545847549,5.76083,9.571428571428571,0.8571428571428571,0.8571428571428571,0.8571428571428571,random,4,0.3,0.3,0.6
0.88,0.868253,0.3999999999999999,0.35359225,2.97841871618958,3.171321,10.714285714285714,0.8333333333333334,0.7142857142857143,0.7692307692307692,gnn,4,0.3,0.3,0.62
0.92,0.89459807,0.6000000000000001,0.48285258,4.967228811050466,5.760952,8.928571428571429,0.8571428571428571,0.8571428571428571,0.8571428571428571,random,4,0.3,0.3,0.62
0.88,0.87425154,0.3999999999999999,0.38302374,2.964064904046412,3.0709624,10.714285714285714,0.8333333333333334,0.7142857142857143,0.7692307692307692,gnn,4,0.3,0.3,0.64
0.92,0.8996808,0.6000000000000001,0.5077906,5.275483750341015,5.381919,8.5,0.8571428571428571,0.8571428571428571,0.8571428571428571,random,4,0.3,0.3,0.64
0.88,0.87858737,0.3999999999999999,0.40429714,2.94039720390164,3.0125246,10.285714285714286,0.8333333333333334,0.7142857142857143,0.7692307692307692,gnn,4,0.3,0.3,0.66
0.92,0.9040138,0.6000000000000001,0.5290503,4.755820969535798,5.003526,8.642857142857142,0.8571428571428571,0.8571428571428571,0.8571428571428571,random,4,0.3,0.3,0.66
0.88,0.88458586,0.3999999999999999,0.43372834,2.683369137364609,2.670732,10.0,0.8333333333333334,0.7142857142857143,0.7692307692307692,gnn,4,0.3,0.3,0.68
0.92,0.91004723,0.6000000000000001,0.5586529,4.521126055840878,4.496476,8.285714285714286,0.8571428571428571,0.8571428571428571,0.8571428571428571,random,4,0.3,0.3,0.68
0.9,0.8905803,0.5,0.46313965,2.5583121148768413,2.5828142,9.5,0.8461538461538461,0.7857142857142857,0.8148148148148148,gnn,4,0.3,0.3,0.7
0.92,0.91374373,0.6000000000000001,0.5767895,4.47244954959539,4.4211836,8.5,0.8571428571428571,0.8571428571428571,0.8571428571428571,random,4,0.3,0.3,0.7
0.9,0.89657915,0.5,0.4925726,2.5427839898060975,2.5131056,9.5,0.8461538461538461,0.7857142857142857,0.8148148148148148,gnn,4,0.3,0.3,0.72
0.92,0.91985583,0.6000000000000001,0.6067781,4.113382172946319,3.9668097,8.285714285714286,0.8571428571428571,0.8571428571428571,0.8571428571428571,random,4,0.3,0.3,0.72
0.9,0.90257764,0.5,0.52200377,2.4601660359970086,2.4030747,9.5,0.8461538461538461,0.7857142857142857,0.8148148148148148,gnn,4,0.3,0.3,0.74
0.92,0.9257537,0.6000000000000001,0.6357156,4.066146624048993,3.8945,8.285714285714286,0.8571428571428571,0.8571428571428571,0.8571428571428571,random,4,0.3,0.3,0.74
0.92,0.90857214,0.6000000000000001,0.5514154,2.409370097452203,2.3560886,8.928571428571429,0.8571428571428571,0.8571428571428571,0.8571428571428571,gnn,4,0.3,0.3,0.76
0.92,0.9263678,0.6000000000000001,0.6387287,4.074366564761991,3.2536364,8.285714285714286,0.8571428571428571,0.8571428571428571,0.8571428571428571,random,4,0.3,0.3,0.76
0.92,0.9145707,0.6000000000000001,0.5808469,2.379110574412689,2.297444,8.714285714285714,0.8571428571428571,0.8571428571428571,0.8571428571428571,gnn,4,0.3,0.3,0.78
0.94,0.92329735,0.6999999999999996,0.6236636,3.2440227276882667,3.8043017,8.071428571428571,0.9230769230769231,0.8571428571428571,0.888888888888889,random,4,0.3,0.3,0.78
0.94,0.920565,0.6999999999999996,0.6102576,2.328312077022902,2.2504625,8.214285714285714,0.8666666666666667,0.9285714285714286,0.896551724137931,gnn,4,0.3,0.3,0.8
0.94,0.92832434,0.6999999999999996,0.64832824,3.2886742424842947,3.2364419,8.071428571428571,0.9230769230769231,0.8571428571428571,0.888888888888889,random,4,0.3,0.3,0.8
0.96,0.92655945,0.7999999999999998,0.63966894,2.250516861421296,2.1951845,7.5,0.875,1.0,0.9333333333333333,gnn,4,0.3,0.3,0.82
0.94,0.9311755,0.6999999999999996,0.6623171,3.3538927436891224,3.204689,8.0,0.9230769230769231,0.8571428571428571,0.888888888888889,random,4,0.3,0.3,0.82
0.96,0.932558,0.7999999999999998,0.6691004,2.2094441125163953,2.1001942,7.5,0.875,1.0,0.9333333333333333,gnn,4,0.3,0.3,0.84
0.94,0.93110985,0.6999999999999996,0.6619951,3.349382591185385,3.209113,8.071428571428571,0.9230769230769231,0.8571428571428571,0.888888888888889,random,4,0.3,0.3,0.84
0.96,0.9383763,0.7999999999999998,0.6976475,2.151236597440377,2.008844,7.5,0.875,1.0,0.9333333333333333,gnn,4,0.3,0.3,0.86
0.96,0.93710434,0.7999999999999998,0.6914067,3.2242727453314712,3.0879812,7.714285714285714,0.9285714285714286,0.9285714285714286,0.9285714285714286,random,4,0.3,0.3,0.86
0.96,0.94437486,0.7999999999999998,0.72707903,2.142184379058011,1.9711691,7.5,0.875,1.0,0.9333333333333333,gnn,4,0.3,0.3,0.88
0.96,0.94310296,0.7999999999999998,0.7208385,3.2209267952019154,3.0411472,7.714285714285714,0.9285714285714286,0.9285714285714286,0.9285714285714286,random,4,0.3,0.3,0.88
0.96,0.9503734,0.7999999999999998,0.7565105,2.114223078383678,1.8753581,7.5,0.875,1.0,0.9333333333333333,gnn,4,0.3,0.3,0.9
0.96,0.9491015,0.7999999999999998,0.75027,3.1929659251449785,2.9453363,7.714285714285714,0.9285714285714286,0.9285714285714286,0.9285714285714286,random,4,0.3,0.3,0.9
0.96,0.956548,0.7999999999999998,0.78680557,2.1067799606131588,1.8114053,7.5,0.875,1.0,0.9333333333333333,gnn,4,0.3,0.3,0.92
0.96,0.95276266,0.7999999999999998,0.76823324,2.6954770829739347,2.6417947,7.714285714285714,0.9285714285714286,0.9285714285714286,0.9285714285714286,random,4,0.3,0.3,0.92
0.96,0.9625468,0.7999999999999998,0.8162385,2.105691949039301,1.7529973,7.5,0.875,1.0,0.9333333333333333,gnn,4,0.3,0.3,0.94
0.98,0.9602966,0.8999999999999999,0.80519783,2.6515758867884727,2.4976192,7.5,0.9333333333333333,1.0,0.9655172413793104,random,4,0.3,0.3,0.94
0.96,0.96836966,0.7999999999999998,0.8448079,2.0958676852972555,1.6923959,7.5,0.875,1.0,0.9333333333333333,gnn,4,0.3,0.3,0.96
0.98,0.96463233,0.8999999999999999,0.8264709,2.627908178317934,2.4391816,7.5,0.9333333333333333,1.0,0.9655172413793104,random,4,0.3,0.3,0.96
0.96,0.9742645,0.7999999999999998,0.87373054,2.048421709372831,1.6197572,7.5,0.875,1.0,0.9333333333333333,gnn,4,0.3,0.3,0.98
0.98,0.9729581,0.8999999999999999,0.8673207,2.6202754661776315,2.1446562,7.5,0.9333333333333333,1.0,0.9655172413793104,random,4,0.3,0.3,0.98
0.96,0.9806186,0.7999999999999998,0.90490645,2.042178320386037,1.5070541,7.5,0.875,1.0,0.9333333333333333,gnn,4,0.3,0.3,1.0
0.96,0.9806186,0.7999999999999998,0.90490645,2.042178320386037,1.5070541,7.5,0.875,1.0,0.9333333333333333,random,4,0.3,0.3,1.0
