method,metric,graph,rho,delta,lambda,sim,O,MO,O_tilde,MO_tilde,SE,MSE,rank,precision,recall,f1
max_entropy,N/A,rrg,0.0,0.3,0.3,0,0.71,0.7000066,0.0,0.0,6.538219382850816,4.6622105,,,,
max_entropy,N/A,rrg,0.1,0.3,0.3,0,0.74,0.7465229,0.10344827586206905,0.11678583,5.098824454903891,4.19903,,,,
max_entropy,N/A,rrg,0.2,0.3,0.3,0,0.7966666666666666,0.7935869,0.29885057471264365,0.2956998,3.9398952787274597,3.6694825,,,,
max_entropy,N/A,rrg,0.30000000000000004,0.3,0.3,0,0.8333333333333334,0.8352766,0.4252873563218393,0.4281506,3.362764237418825,3.114358,,,,
max_entropy,N/A,rrg,0.4,0.3,0.3,0,0.8733333333333333,0.87188864,0.5632183908045976,0.5604205,2.7732495000850035,2.5697951,,,,
max_entropy,N/A,rrg,0.5,0.3,0.3,0,0.9133333333333333,0.906402,0.7011494252873564,0.6847772,2.3553546215479497,2.1506038,,,,
max_entropy,N/A,rrg,0.6000000000000001,0.3,0.3,0,0.9466666666666667,0.93737465,0.8160919540229885,0.79075086,1.7570056430212033,1.7094948,,,,
max_entropy,N/A,rrg,0.7000000000000001,0.3,0.3,0,0.98,0.9626931,0.9310344827586207,0.87859523,1.5522489866356681,1.32839,,,,
max_entropy,N/A,rrg,0.8,0.3,0.3,0,0.9933333333333333,0.98458254,0.9770114942528734,0.9483886,0.6936477383339419,0.83963907,,,,
max_entropy,N/A,rrg,0.9,0.3,0.3,0,1.0,0.9972744,1.0,0.99068785,0.21749468238656064,0.33667785,,,,
max_entropy,N/A,rrg,1.0,0.3,0.3,0,1.0,0.9999223,1.0,0.99973196,2.204694358162095e-06,0.006475321,,,,
max_entropy,N/A,rrg,0.0,0.4,0.3,0,0.5833333333333334,0.6000194,0.0,0.0,3.7712933261360075,3.3618698,,,,
max_entropy,N/A,rrg,0.1,0.4,0.3,0,0.64,0.6461959,0.13599999999999995,0.13545027,3.53297918521252,2.7777514,,,,
max_entropy,N/A,rrg,0.2,0.4,0.3,0,0.69,0.69659597,0.2559999999999998,0.25828135,3.15562359402191,2.373973,,,,
max_entropy,N/A,rrg,0.30000000000000004,0.4,0.3,0,0.73,0.7478419,0.3519999999999999,0.38002846,2.752075436477564,1.9873384,,,,
max_entropy,N/A,rrg,0.4,0.4,0.3,0,0.8,0.79771525,0.52,0.5117203,2.1985401057299496,1.6355904,,,,
max_entropy,N/A,rrg,0.5,0.4,0.3,0,0.8566666666666667,0.83978534,0.656,0.6252353,1.9557727437776455,1.3416282,,,,
max_entropy,N/A,rrg,0.6000000000000001,0.4,0.3,0,0.8933333333333333,0.8826042,0.7439999999999999,0.71881133,1.8509231170786002,1.0915406,,,,
max_entropy,N/A,rrg,0.7000000000000001,0.4,0.3,0,0.9266666666666666,0.92108834,0.824,0.8118073,1.461670124447307,0.86592185,,,,
max_entropy,N/A,rrg,0.8,0.4,0.3,0,0.96,0.9560791,0.9039999999999999,0.89513946,1.1560729728568007,0.66155416,,,,
max_entropy,N/A,rrg,0.9,0.4,0.3,0,0.9866666666666667,0.98423827,0.9680000000000001,0.9622443,0.683406096335824,0.36273947,,,,
max_entropy,N/A,rrg,1.0,0.4,0.3,0,1.0,0.99989074,1.0,0.99973774,2.368705584387106e-06,0.007831391,,,,
max_entropy,N/A,rrg,0.0,0.5,0.3,0,0.5,0.5000508,0.0,0.0,2.415012194691349,2.4374468,,,,
max_entropy,N/A,rrg,0.1,0.5,0.3,0,0.5766666666666667,0.5621302,0.15333333333333332,0.10484875,2.139868046023467,2.1413195,,,,
max_entropy,N/A,rrg,0.2,0.5,0.3,0,0.6433333333333333,0.6294949,0.2866666666666666,0.25823483,1.809346460678239,1.9352108,,,,
max_entropy,N/A,rrg,0.30000000000000004,0.5,0.3,0,0.7166666666666667,0.6868201,0.43333333333333335,0.37355003,1.6506542218486717,1.7503492,,,,
max_entropy,N/A,rrg,0.4,0.5,0.3,0,0.7533333333333333,0.74626833,0.5066666666666666,0.48919308,1.482254295461921,1.4667056,,,,
max_entropy,N/A,rrg,0.5,0.5,0.3,0,0.8166666666666667,0.7996299,0.6333333333333333,0.5909373,1.1796043292012208,1.1350179,,,,
max_entropy,N/A,rrg,0.6000000000000001,0.5,0.3,0,0.87,0.8495999,0.74,0.6968423,1.0272934735373904,0.8934965,,,,
max_entropy,N/A,rrg,0.7000000000000001,0.5,0.3,0,0.91,0.8968886,0.8200000000000001,0.78886247,0.7603159691220763,0.6423193,,,,
max_entropy,N/A,rrg,0.8,0.5,0.3,0,0.9466666666666667,0.94027895,0.8933333333333333,0.8770941,0.635094497342884,0.4622353,,,,
max_entropy,N/A,rrg,0.9,0.5,0.3,0,0.98,0.97728676,0.96,0.9541537,0.28453698200694544,0.2634732,,,,
max_entropy,N/A,rrg,1.0,0.5,0.3,0,1.0,0.999871,1.0,0.999742,2.021610176116762e-06,0.008301398,,,,
max_entropy,N/A,rrg,0.0,0.3,0.3,1,0.6966666666666667,0.7000066,0.0,0.0,3.784438089617581,4.6622105,,,,
max_entropy,N/A,rrg,0.1,0.3,0.3,1,0.74,0.73378646,0.14285714285714285,0.13777368,3.4535190904240443,3.9111247,,,,
max_entropy,N/A,rrg,0.2,0.3,0.3,1,0.7833333333333333,0.77068543,0.2857142857142857,0.27426934,3.0591369897136613,3.204395,,,,
max_entropy,N/A,rrg,0.30000000000000004,0.3,0.3,1,0.82,0.80979145,0.4065934065934064,0.39192078,2.6726961052638543,2.5952713,,,,
max_entropy,N/A,rrg,0.4,0.3,0.3,1,0.86,0.84999084,0.5384615384615384,0.5212498,2.075712972259321,2.1851494,,,,
max_entropy,N/A,rrg,0.5,0.3,0.3,1,0.8966666666666666,0.8858183,0.6593406593406592,0.63656336,1.6922568569769816,1.6942954,,,,
max_entropy,N/A,rrg,0.6000000000000001,0.3,0.3,1,0.9333333333333333,0.91944987,0.7802197802197802,0.74606377,1.366676491252883,1.3897705,,,,
max_entropy,N/A,rrg,0.7000000000000001,0.3,0.3,1,0.96,0.95016766,0.868131868131868,0.84086347,1.160795323901206,1.1424571,,,,
max_entropy,N/A,rrg,0.8,0.3,0.3,1,0.9766666666666667,0.97543955,0.9230769230769231,0.9193503,0.8107428002539558,0.831377,,,,
max_entropy,N/A,rrg,0.9,0.3,0.3,1,0.9933333333333333,0.99154663,0.9780219780219779,0.9722897,0.3857576039511428,0.4063391,,,,
max_entropy,N/A,rrg,1.0,0.3,0.3,1,1.0,0.9999282,1.0,0.9997632,1.169269977609896e-06,0.0059962766,,,,
max_entropy,N/A,rrg,0.0,0.4,0.3,1,0.5833333333333334,0.6000194,0.0,0.0,2.8729194052184965,3.3618698,,,,
max_entropy,N/A,rrg,0.1,0.4,0.3,1,0.6266666666666667,0.6453729,0.10400000000000001,0.11425309,2.675533845036285,2.9239628,,,,
max_entropy,N/A,rrg,0.2,0.4,0.3,1,0.6866666666666666,0.7044403,0.2479999999999999,0.25991052,2.228365885943807,2.6095288,,,,
max_entropy,N/A,rrg,0.30000000000000004,0.4,0.3,1,0.7333333333333333,0.7525503,0.3599999999999998,0.37127435,1.8622381254307663,2.2312818,,,,
max_entropy,N/A,rrg,0.4,0.4,0.3,1,0.78,0.80331194,0.47200000000000003,0.49780014,1.5769920556275268,1.9233195,,,,
max_entropy,N/A,rrg,0.5,0.4,0.3,1,0.82,0.8498685,0.5679999999999998,0.61360395,1.4462338076504884,1.6617893,,,,
max_entropy,N/A,rrg,0.6000000000000001,0.4,0.3,1,0.8533333333333334,0.8897886,0.6480000000000001,0.7086546,1.1850277734831012,1.4384395,,,,
max_entropy,N/A,rrg,0.7000000000000001,0.4,0.3,1,0.8933333333333333,0.9268271,0.7439999999999999,0.806291,0.9663915155988311,1.192191,,,,
max_entropy,N/A,rrg,0.8,0.4,0.3,1,0.9433333333333334,0.9575197,0.864,0.89443445,0.7026181512694321,0.7710023,,,,
max_entropy,N/A,rrg,0.9,0.4,0.3,1,0.9733333333333334,0.98404884,0.9360000000000002,0.9606988,0.5171258223092595,0.42858827,,,,
max_entropy,N/A,rrg,1.0,0.4,0.3,1,1.0,0.9999,1.0,0.9997599,1.3913302558382836e-06,0.0071699335,,,,
max_entropy,N/A,rrg,0.0,0.5,0.3,1,0.5166666666666667,0.5000508,0.0,0.0,2.678445239144811,2.4374468,,,,
max_entropy,N/A,rrg,0.1,0.5,0.3,1,0.5166666666666667,0.5754756,0.0,0.12394313,2.2313232308599336,2.3146253,,,,
max_entropy,N/A,rrg,0.2,0.5,0.3,1,0.59,0.64115715,0.15172413793103431,0.23575436,1.9751161421984897,2.1230872,,,,
max_entropy,N/A,rrg,0.30000000000000004,0.5,0.3,1,0.6633333333333333,0.6989398,0.3034482758620689,0.36002746,1.8288117044723493,1.8370581,,,,
max_entropy,N/A,rrg,0.4,0.5,0.3,1,0.73,0.7554403,0.44137931034482747,0.48438373,1.6913301572524335,1.6180123,,,,
max_entropy,N/A,rrg,0.5,0.5,0.3,1,0.8033333333333333,0.80737907,0.593103448275862,0.6032917,1.4243342475054612,1.3326528,,,,
max_entropy,N/A,rrg,0.6000000000000001,0.5,0.3,1,0.85,0.85704774,0.689655172413793,0.7012498,1.1109108218418793,1.0849154,,,,
max_entropy,N/A,rrg,0.7000000000000001,0.5,0.3,1,0.8866666666666667,0.90043354,0.7655172413793104,0.7916368,0.870055981542536,0.8376046,,,,
max_entropy,N/A,rrg,0.8,0.5,0.3,1,0.9366666666666666,0.9409338,0.8689655172413793,0.87505734,0.6934046875459445,0.5527671,,,,
max_entropy,N/A,rrg,0.9,0.5,0.3,1,0.9733333333333334,0.97656494,0.9448275862068967,0.9511706,0.39580332582759564,0.29982895,,,,
max_entropy,N/A,rrg,1.0,0.5,0.3,1,1.0,0.99986815,1.0,0.99972713,2.458691409468764e-06,0.008614214,,,,
max_entropy,N/A,rrg,0.0,0.3,0.3,2,0.7066666666666667,0.7000066,0.0,0.0,5.566400673477343,4.6622105,,,,
max_entropy,N/A,rrg,0.1,0.3,0.3,2,0.7533333333333333,0.74655885,0.15909090909090898,0.1554925,4.50288501410783,4.166818,,,,
max_entropy,N/A,rrg,0.2,0.3,0.3,2,0.8,0.7839322,0.31818181818181834,0.3016472,4.078483920422604,3.3652406,,,,
max_entropy,N/A,rrg,0.30000000000000004,0.3,0.3,2,0.84,0.8289606,0.4545454545454544,0.4380531,3.052478185372751,2.9310987,,,,
max_entropy,N/A,rrg,0.4,0.3,0.3,2,0.8766666666666667,0.8675406,0.5795454545454547,0.56205255,2.747653253915534,2.5445514,,,,
max_entropy,N/A,rrg,0.5,0.3,0.3,2,0.9033333333333333,0.9006604,0.6704545454545454,0.6643945,2.2960704392641773,2.1098197,,,,
max_entropy,N/A,rrg,0.6000000000000001,0.3,0.3,2,0.9366666666666666,0.9293225,0.7840909090909091,0.7649293,1.8313830055660352,1.7154305,,,,
max_entropy,N/A,rrg,0.7000000000000001,0.3,0.3,2,0.9633333333333334,0.95873636,0.8750000000000001,0.8614923,1.3165025559702423,1.2852765,,,,
max_entropy,N/A,rrg,0.8,0.3,0.3,2,0.9766666666666667,0.9821533,0.9204545454545455,0.9379928,0.7077220177858149,0.8382642,,,,
max_entropy,N/A,rrg,0.9,0.3,0.3,2,0.9966666666666667,0.99584126,0.9886363636363638,0.9858592,0.23557706196388584,0.37934875,,,,
max_entropy,N/A,rrg,1.0,0.3,0.3,2,1.0,0.99992317,1.0,0.99973804,1.418005327061292e-06,0.006090832,,,,
max_entropy,N/A,rrg,0.0,0.4,0.3,2,0.6,0.6000194,0.0,0.0,2.9044981097345897,3.3618698,,,,
max_entropy,N/A,rrg,0.1,0.4,0.3,2,0.6466666666666666,0.64784044,0.11666666666666659,0.11864429,2.6231809287015935,2.8440511,,,,
max_entropy,N/A,rrg,0.2,0.4,0.3,2,0.7,0.69832873,0.24999999999999994,0.2424038,2.2282232364782826,2.4772866,,,,
max_entropy,N/A,rrg,0.30000000000000004,0.4,0.3,2,0.7433333333333333,0.7437698,0.3583333333333333,0.36601585,1.9060278304719263,2.0110204,,,,
max_entropy,N/A,rrg,0.4,0.4,0.3,2,0.79,0.79207397,0.47500000000000014,0.4613567,1.655921880764299,1.7144641,,,,
max_entropy,N/A,rrg,0.5,0.4,0.3,2,0.84,0.8381452,0.6,0.58546245,1.345546217636622,1.3769348,,,,
max_entropy,N/A,rrg,0.6000000000000001,0.4,0.3,2,0.88,0.8832847,0.7000000000000001,0.6937453,1.1883048256038102,1.167549,,,,
max_entropy,N/A,rrg,0.7000000000000001,0.4,0.3,2,0.9133333333333333,0.92295,0.7833333333333333,0.79721844,1.0204744259208118,0.9581009,,,,
max_entropy,N/A,rrg,0.8,0.4,0.3,2,0.9566666666666667,0.95558286,0.8916666666666667,0.8892372,0.8305746023124659,0.7218937,,,,
max_entropy,N/A,rrg,0.9,0.4,0.3,2,0.98,0.9839882,0.95,0.95955914,0.34528142760366765,0.38003138,,,,
max_entropy,N/A,rrg,1.0,0.4,0.3,2,1.0,0.9999047,1.0,0.9997617,1.2867757830658075e-06,0.006785351,,,,
max_entropy,N/A,rrg,0.0,0.5,0.3,2,0.5066666666666667,0.5000508,0.0,0.0,2.446948425450175,2.4374468,,,,
max_entropy,N/A,rrg,0.1,0.5,0.3,2,0.59,0.56660044,0.16891891891891878,0.1323279,2.3013353327234003,2.0814424,,,,
max_entropy,N/A,rrg,0.2,0.5,0.3,2,0.6233333333333333,0.63028836,0.25657894736842096,0.25901023,2.050550817162234,1.7733448,,,,
max_entropy,N/A,rrg,0.30000000000000004,0.5,0.3,2,0.6633333333333333,0.68864113,0.3355263157894737,0.37721196,1.7697446328395139,1.5909142,,,,
max_entropy,N/A,rrg,0.4,0.5,0.3,2,0.7266666666666667,0.74307644,0.46052631578947373,0.47024927,1.6613207988493426,1.3268118,,,,
max_entropy,N/A,rrg,0.5,0.5,0.3,2,0.79,0.7945691,0.5855263157894738,0.56292325,1.4000449691739212,1.0719838,,,,
max_entropy,N/A,rrg,0.6000000000000001,0.5,0.3,2,0.8333333333333334,0.85010326,0.6710526315789475,0.68518275,1.1882476509341702,0.8821954,,,,
max_entropy,N/A,rrg,0.7000000000000001,0.5,0.3,2,0.8766666666666667,0.8975949,0.7565789473684212,0.7908771,1.0939347643846826,0.6276063,,,,
max_entropy,N/A,rrg,0.8,0.5,0.3,2,0.92,0.93743426,0.8421052631578949,0.87037015,0.6348020562369228,0.43969172,,,,
max_entropy,N/A,rrg,0.9,0.5,0.3,2,0.9666666666666667,0.97433454,0.9342105263157896,0.9482786,0.27091647942814934,0.23963669,,,,
max_entropy,N/A,rrg,1.0,0.5,0.3,2,1.0,0.9998863,1.0,0.99976945,1.552675121886288e-06,0.0076315617,,,,
max_entropy,N/A,rrg,0.0,0.3,0.3,3,0.6666666666666666,0.7000066,0.0,0.0,3.9619221473619253,4.6622105,,,,
max_entropy,N/A,rrg,0.1,0.3,0.3,3,0.7133333333333334,0.7344795,0.1400000000000002,0.14947717,3.571932659720316,3.8640838,,,,
max_entropy,N/A,rrg,0.2,0.3,0.3,3,0.75,0.7772433,0.25000000000000006,0.27224165,3.029246269872053,3.3425453,,,,
max_entropy,N/A,rrg,0.30000000000000004,0.3,0.3,3,0.78,0.81619036,0.34000000000000014,0.38139933,2.5081355348352123,2.8395865,,,,
max_entropy,N/A,rrg,0.4,0.3,0.3,3,0.8266666666666667,0.8499397,0.48000000000000004,0.5160166,2.1646745109473016,2.2973144,,,,
max_entropy,N/A,rrg,0.5,0.3,0.3,3,0.86,0.88459104,0.58,0.62618566,1.895775587704771,1.7813191,,,,
max_entropy,N/A,rrg,0.6000000000000001,0.3,0.3,3,0.8966666666666666,0.9217633,0.6899999999999998,0.7461702,1.5887556916434982,1.4984326,,,,
max_entropy,N/A,rrg,0.7000000000000001,0.3,0.3,3,0.9366666666666666,0.95063984,0.8099999999999999,0.84542644,1.3204889113524787,1.1299826,,,,
max_entropy,N/A,rrg,0.8,0.3,0.3,3,0.9733333333333334,0.97417176,0.9200000000000002,0.92231214,0.8681847190859098,0.76297116,,,,
max_entropy,N/A,rrg,0.9,0.3,0.3,3,0.9933333333333333,0.99150103,0.9799999999999999,0.97463703,0.3809969594620482,0.38852766,,,,
max_entropy,N/A,rrg,1.0,0.3,0.3,3,1.0,0.999917,1.0,0.99975085,1.6231544772982002e-06,0.0068265065,,,,
max_entropy,N/A,rrg,0.0,0.4,0.3,3,0.5866666666666667,0.6000194,0.0,0.0,3.5569541286593025,3.3618698,,,,
max_entropy,N/A,rrg,0.1,0.4,0.3,3,0.6333333333333333,0.64916635,0.11290322580645154,0.107877895,3.1629628158083554,2.985491,,,,
max_entropy,N/A,rrg,0.2,0.4,0.3,3,0.6933333333333334,0.6974776,0.2580645161290323,0.24717629,2.881935517545128,2.5560372,,,,
max_entropy,N/A,rrg,0.30000000000000004,0.4,0.3,3,0.75,0.7488544,0.3951612903225806,0.3865537,2.3866194032333783,2.1316845,,,,
max_entropy,N/A,rrg,0.4,0.4,0.3,3,0.8033333333333333,0.79518354,0.5241935483870968,0.50351065,2.0535762024381436,1.737241,,,,
max_entropy,N/A,rrg,0.5,0.4,0.3,3,0.8433333333333334,0.8417595,0.620967741935484,0.6087236,1.5703742738221032,1.4517236,,,,
max_entropy,N/A,rrg,0.6000000000000001,0.4,0.3,3,0.89,0.8858297,0.7338709677419355,0.71880037,1.309538205490415,1.2909917,,,,
max_entropy,N/A,rrg,0.7000000000000001,0.4,0.3,3,0.9266666666666666,0.9229644,0.8225806451612903,0.81327,1.1299025690506141,1.0112709,,,,
max_entropy,N/A,rrg,0.8,0.4,0.3,3,0.9666666666666667,0.9556744,0.9193548387096775,0.89551884,0.8597647702078048,0.69996166,,,,
max_entropy,N/A,rrg,0.9,0.4,0.3,3,0.9866666666666667,0.9859607,0.967741935483871,0.966085,0.33437605491305783,0.34576184,,,,
max_entropy,N/A,rrg,1.0,0.4,0.3,3,1.0,0.9999008,1.0,0.99976,1.3850835750333874e-06,0.007018538,,,,
max_entropy,N/A,rrg,0.0,0.5,0.3,3,0.47,0.5000508,0.0,0.0,2.2111003074827282,2.4374468,,,,
max_entropy,N/A,rrg,0.1,0.5,0.3,3,0.58,0.57511955,0.2075471698113207,0.14208986,1.617264451727903,2.236267,,,,
max_entropy,N/A,rrg,0.2,0.5,0.3,3,0.6366666666666667,0.6382717,0.31446540880503154,0.26728687,1.4845322146825988,1.9421403,,,,
max_entropy,N/A,rrg,0.30000000000000004,0.5,0.3,3,0.7133333333333334,0.6936047,0.45911949685534603,0.38345292,1.2720062710911197,1.6982027,,,,
max_entropy,N/A,rrg,0.4,0.5,0.3,3,0.7466666666666667,0.74810016,0.4609929078014185,0.4937135,1.1783726722266883,1.4226052,,,,
max_entropy,N/A,rrg,0.5,0.5,0.3,3,0.7866666666666666,0.80108416,0.5460992907801417,0.5919557,1.0861115663643355,1.1268501,,,,
max_entropy,N/A,rrg,0.6000000000000001,0.5,0.3,3,0.8333333333333334,0.85091245,0.6453900709219859,0.693955,0.8680268773607899,0.8959387,,,,
max_entropy,N/A,rrg,0.7000000000000001,0.5,0.3,3,0.91,0.8997738,0.8085106382978724,0.7905028,0.6946121478247858,0.62122893,,,,
max_entropy,N/A,rrg,0.8,0.5,0.3,3,0.9533333333333334,0.93973166,0.9007092198581561,0.8737097,0.3700401299653463,0.41537654,,,,
max_entropy,N/A,rrg,0.9,0.5,0.3,3,0.98,0.97536856,0.9574468085106382,0.94714904,0.21006397030888938,0.21222205,,,,
max_entropy,N/A,rrg,1.0,0.5,0.3,3,1.0,0.99987334,1.0,0.9997306,1.5261651922369734e-06,0.007946623,,,,
max_entropy,N/A,rrg,0.0,0.3,0.3,4,0.67,0.7000066,0.0,0.0,3.5890694468105746,4.6622105,,,,
max_entropy,N/A,rrg,0.1,0.3,0.3,4,0.7133333333333334,0.7440121,0.13131313131313133,0.14974311,3.114621290854827,3.9876046,,,,
max_entropy,N/A,rrg,0.2,0.3,0.3,4,0.7566666666666667,0.7813275,0.26262626262626265,0.28381607,2.7562184160942524,3.276613,,,,
max_entropy,N/A,rrg,0.30000000000000004,0.3,0.3,4,0.81,0.81228226,0.4242424242424243,0.42756334,2.383117708058447,2.5786035,,,,
max_entropy,N/A,rrg,0.4,0.3,0.3,4,0.85,0.85067993,0.5454545454545453,0.5465688,2.0862048117236576,2.0543287,,,,
max_entropy,N/A,rrg,0.5,0.3,0.3,4,0.8666666666666667,0.88778627,0.595959595959596,0.6408104,1.7010312302635278,1.7115426,,,,
max_entropy,N/A,rrg,0.6000000000000001,0.3,0.3,4,0.91,0.92258644,0.7272727272727273,0.75610226,1.3664662612462528,1.4067154,,,,
max_entropy,N/A,rrg,0.7000000000000001,0.3,0.3,4,0.94,0.9526181,0.818181818181818,0.8506877,1.159456355812422,1.0617846,,,,
max_entropy,N/A,rrg,0.8,0.3,0.3,4,0.9666666666666667,0.97695106,0.898989898989899,0.9278939,0.6673836662420818,0.68596613,,,,
max_entropy,N/A,rrg,0.9,0.3,0.3,4,0.9933333333333333,0.99321175,0.9797979797979797,0.9794326,0.27521782133043265,0.3323899,,,,
max_entropy,N/A,rrg,1.0,0.3,0.3,4,1.0,0.99991536,1.0,0.99974346,1.2969068865975405e-06,0.006463705,,,,
max_entropy,N/A,rrg,0.0,0.4,0.3,4,0.62,0.6000194,0.0,0.0,3.687901351368958,3.3618698,,,,
max_entropy,N/A,rrg,0.1,0.4,0.3,4,0.66,0.6483673,0.10526315789473693,0.118468985,3.4387940148316316,2.8765292,,,,
max_entropy,N/A,rrg,0.2,0.4,0.3,4,0.7133333333333334,0.6977357,0.24561403508771942,0.24167463,3.132695943738053,2.4453797,,,,
max_entropy,N/A,rrg,0.30000000000000004,0.4,0.3,4,0.75,0.7467759,0.34210526315789475,0.34297788,2.6730361668523366,2.096127,,,,
max_entropy,N/A,rrg,0.4,0.4,0.3,4,0.8,0.7963186,0.47368421052631593,0.4653746,1.9823240046426045,1.8148246,,,,
max_entropy,N/A,rrg,0.5,0.4,0.3,4,0.86,0.8447389,0.631578947368421,0.5965338,1.584337315198984,1.473885,,,,
max_entropy,N/A,rrg,0.6000000000000001,0.4,0.3,4,0.9,0.88375956,0.736842105263158,0.6999952,1.5140367079655104,1.2660991,,,,
max_entropy,N/A,rrg,0.7000000000000001,0.4,0.3,4,0.9266666666666666,0.9213276,0.8070175438596491,0.7933811,1.376569168172972,0.9967869,,,,
max_entropy,N/A,rrg,0.8,0.4,0.3,4,0.9666666666666667,0.95551354,0.912280701754386,0.8846895,0.7912447450838648,0.7392286,,,,
max_entropy,N/A,rrg,0.9,0.4,0.3,4,0.9833333333333333,0.98517555,0.9561403508771928,0.96079445,0.8445429642441881,0.44228566,,,,
max_entropy,N/A,rrg,1.0,0.4,0.3,4,1.0,0.9999122,1.0,0.9997689,1.70288903601581e-06,0.0069287275,,,,
max_entropy,N/A,rrg,0.0,0.5,0.3,4,0.43,0.5000508,0.0,0.0,2.0596034937880923,2.4374468,,,,
max_entropy,N/A,rrg,0.1,0.5,0.3,4,0.52,0.56504995,-0.11627906976744169,0.10410974,1.8744484522770706,2.0451086,,,,
max_entropy,N/A,rrg,0.2,0.5,0.3,4,0.6266666666666667,0.6256174,0.1317829457364343,0.20286709,1.7015450094347482,1.7564522,,,,
max_entropy,N/A,rrg,0.30000000000000004,0.5,0.3,4,0.68,0.6827,0.25581395348837227,0.32432875,1.6063512134597493,1.5482895,,,,
max_entropy,N/A,rrg,0.4,0.5,0.3,4,0.7266666666666667,0.7365049,0.3643410852713179,0.43917197,1.2501526144350656,1.380823,,,,
max_entropy,N/A,rrg,0.5,0.5,0.3,4,0.7633333333333333,0.78922766,0.4496124031007752,0.5481146,1.1450194678593126,1.1186911,,,,
max_entropy,N/A,rrg,0.6000000000000001,0.5,0.3,4,0.81,0.83872163,0.5581395348837211,0.6403866,0.9667448036270154,0.85362303,,,,
max_entropy,N/A,rrg,0.7000000000000001,0.5,0.3,4,0.8666666666666667,0.88772076,0.6899224806201552,0.74053794,0.6587589399859937,0.5988735,,,,
max_entropy,N/A,rrg,0.8,0.5,0.3,4,0.92,0.9334652,0.8139534883720931,0.84853333,0.4471050006842114,0.4113681,,,,
max_entropy,N/A,rrg,0.9,0.5,0.3,4,0.9733333333333334,0.9719303,0.9379844961240311,0.9335399,0.3294540623838641,0.22742847,,,,
max_entropy,N/A,rrg,1.0,0.5,0.3,4,1.0,0.9998684,1.0,0.999694,1.3780260749814752e-06,0.007905936,,,,
